"NMETS_5_UTR"	"CONSERVED_METS_IN_5_UTR"	"LOST_METS_IN_5_UTR"	"CONSERVED_METS_NO_STOP_IN_5_UTR"	"CDS_COORDS"	"AMINOACID_CHANGE"	"CODON_CHANGE"	"MET_POSITION"	"READING_FRAME_STATUS"	"NO_STOP_CODON"	"PREMATURE_STOP_CODON"	"STOP_CODON_POSITION"	"MUTATED_SEQUENCE_LENGTH"	"CLASS"
0	0	0	0	"[3, 3]"	"M/I"	"atG/atA"	15	"Maintained"	"NO"	"NO"	921	98.3766233766234	"BENIGN"
0	0	0	0	"[2, 2]"	"M/T"	"aTg/aCg"	111	"Maintained"	"NO"	"NO"	918	87.9478827361564	"DELETERIOUS"
0	0	0	0	"[2, 2]"	"M/T"	"aTg/aCg"	16	"Lost"	"NO"	"YES"	31	1.91082802547771	"BENIGN"
0	0	0	0	"[1, 1]"	"M/V"	"Atg/Gtg"	127	"Lost"	"NO"	"YES"	154	5.31914893617021	"BENIGN"
0	0	0	0	"[2, 2]"	"M/T"	"aTg/aCg"	400	"Lost"	"NO"	"YES"	445	3.64464692482916	"DELETERIOUS"
0	0	0	0	"[1, 1]"	"M/V"	"Atg/Gtg"	166	"Lost"	"NO"	"YES"	181	3.65853658536585	"BENIGN"
0	0	0	0	"[1, 1]"	"M/V"	"Atg/Gtg"	127	"Lost"	"NO"	"YES"	154	12.5	"BENIGN"
0	0	0	0	"[1, 1]"	"M/L"	"Atg/Ttg"	172	"Lost"	"NO"	"YES"	214	7.21153846153846	"DELETERIOUS"
0	0	0	0	"[2, 2]"	"M/T"	"aTg/aCg"	72	"Maintained"	"NO"	"NO"	969	92.5925925925926	"BENIGN"
0	0	0	0	"[1, 1]"	"M/V"	"Atg/Gtg"	114	"Maintained"	"NO"	"NO"	585	80.6122448979592	"BENIGN"
0	0	0	0	"[1, 1]"	"M/V"	"Atg/Gtg"	263	"Lost"	"NO"	"YES"	275	4.23728813559322	"BENIGN"
7	3	4	0	"[2, 2]"	"M/K"	"aTg/aAg"	33	"Maintained"	"NO"	"NO"	948	96.5299684542587	"BENIGN"
0	0	0	0	"[2, 2]"	"M/K"	"aTg/aAg"	174	"Maintained"	"NO"	"NO"	1044	83.3810888252149	"DELETERIOUS"
0	0	0	0	"[1, 1]"	"M/V"	"Atg/Gtg"	43	"Lost"	"NO"	"YES"	58	3.92156862745098	"DELETERIOUS"
0	0	0	0	"[2, 2]"	"M/T"	"aTg/aCg"	109	"Lost"	"NO"	"YES"	112	0.952380952380952	"BENIGN"
0	0	0	0	"[1, 1]"	"M/L"	"Atg/Ttg"	252	"Maintained"	"NO"	"NO"	441	43.2432432432432	"DELETERIOUS"
0	0	0	0	"[2, 2]"	"M/R"	"aTg/aGg"	253	"Lost"	"NO"	"YES"	301	15.1785714285714	"BENIGN"
2	0	2	0	"[3, 3]"	"M/I"	"atG/atA"	435	"Maintained"	"NO"	"NO"	2190	80.1641586867305	"DELETERIOUS"
0	0	0	0	"[3, 3]"	"M/I"	"atG/atC"	25	"Lost"	"NO"	"YES"	163	9.1796875	"BENIGN"
0	0	0	0	"[2, 2]"	"M/T"	"aTg/aCg"	102	"Maintained"	"NO"	"NO"	294	65.6565656565657	"BENIGN"
0	0	0	0	"[2, 2]"	"M/T"	"aTg/aCg"	52	"Lost"	"NO"	"YES"	64	1.27551020408163	"BENIGN"
6	1	5	0	"[2, 2]"	"M/T"	"aTg/aCg"	45	"Maintained"	"NO"	"NO"	1926	97.6671850699844	"BENIGN"
17	2	15	1	"[2, 2]"	"M/T"	"aTg/aCg"	111	"Maintained"	"NO"	"NO"	2193	94.9453551912568	"BENIGN"
0	0	0	0	"[2, 2]"	"M/K"	"aTg/aAg"	259	"Lost"	"NO"	"YES"	316	5.1413881748072	"DELETERIOUS"
0	0	0	0	"[3, 3]"	"M/I"	"atG/atA"	106	"Lost"	"NO"	"YES"	193	5.6710775047259	"BENIGN"
0	0	0	0	"[3, 3]"	"M/I"	"atG/atT"	145	"Lost"	"NO"	"YES"	169	0.952380952380952	"BENIGN"
0	0	0	0	"[1, 1]"	"M/V"	"Atg/Gtg"	63	"Maintained"	"NO"	"NO"	1428	95.5974842767296	"BENIGN"
23	8	15	0	"[2, 2]"	"M/T"	"aTg/aCg"	45	"Maintained"	"NO"	"NO"	1926	97.6671850699844	"BENIGN"
0	0	0	0	"[1, 1]"	"M/V"	"Atg/Gtg"	145	"Lost"	"NO"	"YES"	169	0.952380952380952	"BENIGN"
17	2	15	1	"[3, 3]"	"M/I"	"atG/atA"	111	"Maintained"	"NO"	"NO"	2193	94.9453551912568	"BENIGN"
0	0	0	0	"[3, 3]"	"M/I"	"atG/atA"	54	"Maintained"	"NO"	"NO"	2463	97.8102189781022	"BENIGN"
0	0	0	0	"[2, 2]"	"M/T"	"aTg/aCg"	9	"Maintained"	"NO"	"NO"	1437	99.375	"DELETERIOUS"
0	0	0	0	"[2, 2]"	"M/T"	"aTg/aCg"	51	"Maintained"	"NO"	"NO"	3684	98.6167615947925	"BENIGN"
0	0	0	0	"[2, 2]"	"M/T"	"aTg/aCg"	82	"Lost"	"NO"	"YES"	112	1.08588351431392	"BENIGN"
0	0	0	0	"[2, 2]"	"M/T"	"aTg/aCg"	70	"Lost"	"NO"	"YES"	124	8.22510822510823	"BENIGN"
4	0	4	0	"[3, 3]"	"M/I"	"atG/atA"	75	"Maintained"	"NO"	"NO"	1578	95.2561669829222	"BENIGN"
0	0	0	0	"[2, 2]"	"M/T"	"aTg/aCg"	135	"Maintained"	"NO"	"NO"	936	85.6230031948882	"BENIGN"
0	0	0	0	"[1, 1]"	"M/V"	"Atg/Gtg"	9	"Maintained"	"NO"	"NO"	1323	99.3212669683258	"DELETERIOUS"
0	0	0	0	"[1, 1]"	"M/V"	"Atg/Gtg"	9	"Maintained"	"NO"	"NO"	3912	99.7701149425287	"DELETERIOUS"
0	0	0	0	"[1, 1]"	"M/V"	"Atg/Gtg"	34	"Lost"	"NO"	"YES"	55	0.505689001264222	"DELETERIOUS"
0	0	0	0	"[2, 2]"	"M/T"	"aTg/aCg"	72	"Maintained"	"NO"	"NO"	207	65.7142857142857	"BENIGN"
0	0	0	0	"[2, 2]"	"M/K"	"aTg/aAg"	268	"Lost"	"NO"	"YES"	385	19.7044334975369	"BENIGN"
0	0	0	0	"[2, 2]"	"M/R"	"aTg/aGg"	147	"Maintained"	"NO"	"NO"	3300	95.5495004541326	"BENIGN"
0	0	0	0	"[2, 2]"	"M/T"	"aTg/aCg"	152	"Lost"	"NO"	"YES"	167	4.54545454545455	"BENIGN"
0	0	0	0	"[1, 1]"	"M/V"	"Atg/Gtg"	59	"Lost"	"NO"	"YES"	86	9.09090909090909	"BENIGN"
0	0	0	0	"[2, 2]"	"M/K"	"aTg/aAg"	57	"Maintained"	"NO"	"NO"	1398	95.93147751606	"BENIGN"
0	0	0	0	"[3, 3]"	"M/I"	"atG/atA"	109	"Lost"	"NO"	"YES"	118	1.36986301369863	"BENIGN"
0	0	0	0	"[2, 2]"	"M/T"	"aTg/aCg"	61	"Lost"	"NO"	"YES"	112	5.37313432835821	"BENIGN"
0	0	0	0	"[2, 2]"	"M/T"	"aTg/aCg"	40	"Lost"	"NO"	"YES"	61	4.49438202247191	"BENIGN"
0	0	0	0	"[1, 1]"	"M/L"	"Atg/Ctg"	207	"Maintained"	"NO"	"NO"	2313	91.0621761658031	"BENIGN"
0	0	0	0	"[1, 1]"	"M/V"	"Atg/Gtg"	328	"Lost"	"NO"	"YES"	400	16.7785234899329	"BENIGN"
0	0	0	0	"[3, 3]"	"M/I"	"atG/atA"	109	"Lost"	"NO"	"YES"	118	1.34680134680135	"BENIGN"
0	0	0	0	"[1, 1]"	"M/V"	"Atg/Gtg"	90	"Maintained"	"NO"	"NO"	834	89.247311827957	"DELETERIOUS"
0	0	0	0	"[3, 3]"	"M/I"	"atG/atA"	58	"Lost"	"NO"	"YES"	103	1.95360195360195	"BENIGN"
0	0	0	0	"[3, 3]"	"M/I"	"atG/atC"	57	"Maintained"	"NO"	"NO"	996	94.2942942942943	"DELETERIOUS"
1	0	1	0	"[3, 3]"	"M/I"	"atG/atA"	24	"Maintained"	"NO"	"NO"	1449	98.3471074380165	"BENIGN"
0	0	0	0	"[2, 2]"	"M/T"	"aTg/aCg"	154	"Lost"	"NO"	"YES"	217	4.23076923076923	"BENIGN"
0	0	0	0	"[1, 1]"	"M/L"	"Atg/Ttg"	64	"Lost"	"NO"	"YES"	148	6.18336886993603	"BENIGN"
0	0	0	0	"[2, 2]"	"M/T"	"aTg/aCg"	459	"Maintained"	"NO"	"NO"	2433	81.1576354679803	"BENIGN"
0	0	0	0	"[2, 2]"	"M/T"	"aTg/aCg"	22	"Lost"	"NO"	"YES"	31	0.447928331466965	"BENIGN"
0	0	0	0	"[3, 3]"	"M/I"	"atG/atT"	225	"Maintained"	"NO"	"NO"	900	75.0830564784053	"DELETERIOUS"
0	0	0	0	"[2, 2]"	"M/T"	"aTg/aCg"	33	"Maintained"	"NO"	"NO"	342	90.4347826086957	"BENIGN"
0	0	0	0	"[2, 2]"	"M/T"	"aTg/aCg"	226	"Lost"	"NO"	"YES"	544	22.1532091097308	"BENIGN"
0	0	0	0	"[2, 2]"	"M/T"	"aTg/aCg"	256	"Lost"	"NO"	"YES"	589	22.4899598393574	"BENIGN"
1	0	1	0	"[3, 3]"	"M/I"	"atG/atA"	48	"Maintained"	"NO"	"NO"	1248	96.1630695443645	"BENIGN"
0	0	0	0	"[3, 3]"	"M/I"	"atG/atA"	124	"Lost"	"NO"	"YES"	145	7.84313725490196	"BENIGN"
0	0	0	0	"[3, 3]"	"M/I"	"atG/atC"	30	"Maintained"	"NO"	"NO"	633	95.2830188679245	"BENIGN"
0	0	0	0	"[3, 3]"	"M/I"	"atG/atA"	41	"Lost"	"NO"	"YES"	77	7.55813953488372	"BENIGN"
0	0	0	0	"[2, 2]"	"M/K"	"aTg/aAg"	302	"Lost"	"NO"	"YES"	356	2.38693467336683	"DELETERIOUS"
5	1	4	0	"[3, 3]"	"M/I"	"atG/atA"	48	"Maintained"	"NO"	"NO"	1056	95.4674220963173	"BENIGN"
0	0	0	0	"[1, 1]"	"M/V"	"Atg/Gtg"	13	"Lost"	"NO"	"YES"	22	2.16216216216216	"BENIGN"
0	0	0	0	"[3, 3]"	"M/I"	"atG/atT"	124	"Lost"	"NO"	"YES"	154	1.90972222222222	"DELETERIOUS"
0	0	0	0	"[3, 3]"	"M/I"	"atG/atA"	25	"Lost"	"NO"	"YES"	37	0.556792873051225	"BENIGN"
10	2	8	0	"[2, 2]"	"M/T"	"aTg/aCg"	12	"Maintained"	"NO"	"NO"	822	98.5454545454545	"BENIGN"
0	0	0	0	"[1, 1]"	"M/L"	"Atg/Ttg"	142	"Lost"	"NO"	"YES"	220	4.37601296596434	"BENIGN"
9	2	7	0	"[2, 2]"	"M/T"	"aTg/aCg"	12	"Maintained"	"NO"	"NO"	822	98.5454545454545	"BENIGN"
0	0	0	0	"[3, 3]"	"M/I"	"atG/atA"	322	"Lost"	"NO"	"YES"	331	0.898876404494382	"BENIGN"
0	0	0	0	"[2, 2]"	"M/T"	"aTg/aCg"	119	"Lost"	"NO"	"YES"	137	8.86075949367089	"BENIGN"
8	4	4	0	"[1, 1]"	"M/L"	"Atg/Ctg"	15	"Maintained"	"NO"	"NO"	684	97.8165938864629	"BENIGN"
3	2	1	0	"[1, 1]"	"M/L"	"Atg/Ttg"	663	"Maintained"	"NO"	"NO"	3051	78.2907662082515	"BENIGN"
0	0	0	0	"[1, 1]"	"M/L"	"Atg/Ctg"	52	"Lost"	"NO"	"YES"	142	7.01357466063348	"BENIGN"
5	3	2	0	"[2, 2]"	"M/T"	"aTg/aCg"	12	"Maintained"	"NO"	"NO"	822	98.5454545454545	"BENIGN"
0	0	0	0	"[1, 1]"	"M/V"	"Atg/Gtg"	139	"Lost"	"NO"	"YES"	199	3.66492146596859	"BENIGN"
0	0	0	0	"[2, 2]"	"M/R"	"aTg/aGg"	535	"Lost"	"NO"	"YES"	556	2.28571428571429	"BENIGN"
2	0	2	0	"[1, 1]"	"M/V"	"Atg/Gtg"	9	"Maintained"	"NO"	"NO"	1056	99.1501416430595	"BENIGN"
0	0	0	0	"[2, 2]"	"M/K"	"aTg/aAg"	24	"Maintained"	"NO"	"NO"	624	96.1722488038278	"DELETERIOUS"
0	0	0	0	"[3, 3]"	"M/I"	"atG/atT"	96	"Maintained"	"NO"	"NO"	1164	91.7737789203085	"BENIGN"
0	0	0	0	"[3, 3]"	"M/I"	"atG/atT"	31	"Lost"	"NO"	"YES"	94	14.7651006711409	"BENIGN"
0	0	0	0	"[2, 2]"	"M/T"	"aTg/aCg"	7	"Lost"	"NO"	"YES"	40	2.29885057471264	"BENIGN"
0	0	0	0	"[3, 3]"	"M/I"	"atG/atC"	108	"Maintained"	"NO"	"NO"	933	88.4615384615385	"BENIGN"
0	0	0	0	"[1, 1]"	"M/L"	"Atg/Ttg"	18	"Maintained"	"NO"	"NO"	1443	98.7551867219917	"DELETERIOUS"
0	0	0	0	"[2, 2]"	"M/T"	"aTg/aCg"	10	"Lost"	"NO"	"YES"	37	15.1515151515152	"BENIGN"
0	0	0	0	"[2, 2]"	"M/T"	"aTg/aCg"	91	"Lost"	"NO"	"YES"	103	8.47457627118644	"BENIGN"
0	0	0	0	"[3, 3]"	"M/I"	"atG/atA"	114	"Maintained"	"NO"	"NO"	936	87.8594249201278	"BENIGN"
0	0	0	0	"[2, 2]"	"M/T"	"aTg/aCg"	108	"Maintained"	"NO"	"NO"	933	88.4615384615385	"BENIGN"
0	0	0	0	"[1, 1]"	"M/V"	"Atg/Gtg"	56	"Lost"	"NO"	"YES"	149	10.6312292358804	"BENIGN"
0	0	0	0	"[2, 2]"	"M/T"	"aTg/aCg"	235	"Lost"	"NO"	"YES"	280	9.14285714285714	"BENIGN"
0	0	0	0	"[3, 3]"	"M/I"	"atG/atT"	102	"Maintained"	"NO"	"NO"	858	88.1533101045296	"DELETERIOUS"
4	1	3	0	"[3, 3]"	"M/I"	"atG/atA"	112	"Lost"	"NO"	"YES"	115	0.0575705238917674	"BENIGN"
0	0	0	0	"[2, 2]"	"M/K"	"aTg/aAg"	36	"Maintained"	"NO"	"NO"	342	89.5652173913043	"BENIGN"
8	4	4	4	"[1, 1]"	"M/V"	"Atg/Gtg"	40	"Lost"	"NO"	"YES"	103	12.7167630057803	"BENIGN"
0	0	0	0	"[3, 3]"	"M/I"	"atG/atT"	102	"Maintained"	"NO"	"NO"	828	87.7256317689531	"DELETERIOUS"
4	1	3	0	"[3, 3]"	"M/I"	"atG/atA"	112	"Lost"	"NO"	"YES"	115	0.0566732785491641	"BENIGN"
0	0	0	0	"[2, 2]"	"M/K"	"aTg/aAg"	36	"Maintained"	"NO"	"NO"	363	90.1639344262295	"BENIGN"
5	3	2	0	"[3, 3]"	"M/I"	"atG/atA"	138	"Maintained"	"NO"	"NO"	13860	99.0045444708937	"BENIGN"
1	0	1	0	"[2, 2]"	"M/T"	"aTg/aCg"	60	"Maintained"	"NO"	"NO"	963	93.7888198757764	"BENIGN"
1	0	1	0	"[2, 2]"	"M/T"	"aTg/aCg"	161	"Lost"	"NO"	"YES"	350	18.1303116147309	"BENIGN"
0	0	0	0	"[2, 2]"	"M/T"	"aTg/aCg"	594	"Maintained"	"NO"	"NO"	2259	73.7400530503979	"BENIGN"
4	1	3	0	"[3, 3]"	"M/I"	"atG/atA"	112	"Lost"	"NO"	"YES"	115	0.056980056980057	"BENIGN"
0	0	0	0	"[2, 2]"	"M/T"	"aTg/aCg"	54	"Maintained"	"NO"	"NO"	1245	95.6730769230769	"BENIGN"
0	0	0	0	"[2, 2]"	"M/T"	"aTg/aCg"	505	"Lost"	"NO"	"YES"	508	0.778210116731518	"BENIGN"
0	0	0	0	"[2, 2]"	"M/T"	"aTg/aCg"	276	"Maintained"	"NO"	"NO"	1413	80.5084745762712	"BENIGN"
1	0	1	0	"[2, 2]"	"M/K"	"aTg/aAg"	47	"Lost"	"NO"	"YES"	62	4.76190476190476	"DELETERIOUS"
0	0	0	0	"[1, 1]"	"M/V"	"Atg/Gtg"	144	"Maintained"	"NO"	"NO"	825	82.6086956521739	"BENIGN"
0	0	0	0	"[2, 2]"	"M/R"	"aTg/aGg"	165	"Maintained"	"NO"	"NO"	330	50.4504504504505	"BENIGN"
0	0	0	0	"[1, 1]"	"M/V"	"Atg/Gtg"	51	"Maintained"	"NO"	"NO"	954	94.6708463949843	"DELETERIOUS"
0	0	0	0	"[2, 2]"	"M/T"	"aTg/aCg"	247	"Lost"	"NO"	"YES"	298	1.42292490118577	"BENIGN"
0	0	0	0	"[2, 2]"	"M/T"	"aTg/aCg"	259	"Lost"	"NO"	"YES"	346	4.88599348534202	"DELETERIOUS"
2	2	0	0	"[1, 1]"	"M/L"	"Atg/Ctg"	6	"Maintained"	"NO"	"NO"	339	98.2456140350877	"BENIGN"
2	2	0	0	"[1, 1]"	"M/L"	"Atg/Ctg"	6	"Maintained"	"NO"	"NO"	369	98.3870967741936	"BENIGN"
0	0	0	0	"[3, 3]"	"M/I"	"atG/atA"	103	"Lost"	"NO"	"YES"	130	3.95256916996047	"BENIGN"
0	0	0	0	"[3, 3]"	"M/I"	"atG/atA"	101	"Lost"	"NO"	"YES"	107	0.346420323325635	"BENIGN"
0	0	0	0	"[1, 1]"	"M/V"	"Atg/Gtg"	202	"Maintained"	"NO"	"YES"	205	1.69491525423729	"DELETERIOUS"
0	0	0	0	"[3, 3]"	"M/I"	"atG/atC"	37	"Lost"	"NO"	"YES"	49	1.67224080267559	"BENIGN"
0	0	0	0	"[3, 3]"	"M/I"	"atG/atA"	128	"Lost"	"NO"	"YES"	134	0.352526439482961	"BENIGN"
0	0	0	0	"[2, 2]"	"M/T"	"aTg/aCg"	297	"Maintained"	"NO"	"NO"	1482	80	"BENIGN"
0	0	0	0	"[2, 2]"	"M/K"	"aTg/aAg"	184	"Lost"	"NO"	"YES"	202	1.59453302961276	"DELETERIOUS"
0	0	0	0	"[1, 1]"	"M/V"	"Atg/Gtg"	21	"Maintained"	"NO"	"NO"	951	97.7987421383648	"BENIGN"
0	0	0	0	"[1, 1]"	"M/V"	"Atg/Gtg"	292	"Lost"	"NO"	"YES"	469	19.1082802547771	"DELETERIOUS"
0	0	0	0	"[1, 1]"	"M/V"	"Atg/Gtg"	16	"Lost"	"NO"	"YES"	97	4.8780487804878	"DELETERIOUS"
0	0	0	0	"[2, 2]"	"M/T"	"aTg/aCg"	16	"Lost"	"NO"	"YES"	19	0.651465798045603	"BENIGN"
0	0	0	0	"[3, 3]"	"M/I"	"atG/atT"	387	"Maintained"	"NO"	"NO"	1293	70.1388888888889	"BENIGN"
0	0	0	0	"[2, 2]"	"M/T"	"aTg/aCg"	306	"Maintained"	"NO"	"NO"	966	68.4210526315789	"BENIGN"
21	10	11	0	"[1, 1]"	"M/L"	"Atg/Ctg"	188	"Lost"	"NO"	"YES"	341	8.98100172711572	"BENIGN"
4	0	4	0	"[3, 3]"	"M/I"	"atG/atC"	148	"Lost"	"NO"	"YES"	268	9.64705882352941	"BENIGN"
0	0	0	0	"[3, 3]"	"M/I"	"atG/atA"	8	"Lost"	"NO"	"YES"	341	33.4328358208955	"BENIGN"
0	0	0	0	"[1, 1]"	"M/V"	"Atg/Gtg"	66	"Maintained"	"NO"	"NO"	198	67.1641791044776	"BENIGN"
0	0	0	0	"[1, 1]"	"M/V"	"Atg/Gtg"	10	"Lost"	"NO"	"YES"	49	2.12765957446809	"DELETERIOUS"
0	0	0	0	"[2, 2]"	"M/R"	"aTg/aGg"	39	"Maintained"	"NO"	"NO"	477	91.875	"BENIGN"
2	0	2	0	"[1, 1]"	"M/V"	"Atg/Gtg"	3	"Maintained"	"NO"	"NO"	2412	99.8757763975155	"BENIGN"
2	0	2	0	"[1, 1]"	"M/V"	"Atg/Gtg"	3	"Maintained"	"NO"	"NO"	2520	99.8810939357907	"BENIGN"
0	0	0	0	"[2, 2]"	"M/T"	"aTg/aCg"	122	"Lost"	"NO"	"YES"	146	1.38888888888889	"BENIGN"
0	0	0	0	"[1, 1]"	"M/V"	"Atg/Gtg"	193	"Lost"	"NO"	"YES"	313	28.8732394366197	"BENIGN"
0	0	0	0	"[2, 2]"	"M/R"	"aTg/aGg"	263	"Lost"	"NO"	"YES"	302	9.33333333333333	"BENIGN"
0	0	0	0	"[1, 1]"	"M/V"	"Atg/Gtg"	206	"Lost"	"NO"	"YES"	251	7.04845814977974	"BENIGN"
0	0	0	0	"[3, 3]"	"M/I"	"atG/atA"	181	"Lost"	"NO"	"YES"	490	3.91271632806622	"BENIGN"
0	0	0	0	"[2, 2]"	"M/R"	"aTg/aGg"	263	"Lost"	"NO"	"YES"	302	3.64583333333333	"BENIGN"
0	0	0	0	"[2, 2]"	"M/R"	"aTg/aGg"	263	"Lost"	"NO"	"YES"	302	4.05797101449275	"BENIGN"
2	0	2	0	"[3, 3]"	"M/I"	"atG/atT"	9	"Maintained"	"NO"	"NO"	1374	99.3464052287582	"BENIGN"
0	0	0	0	"[1, 1]"	"M/V"	"Atg/Gtg"	116	"Lost"	"NO"	"YES"	122	3.52941176470588	"BENIGN"
0	0	0	0	"[3, 3]"	"M/I"	"atG/atT"	70	"Lost"	"NO"	"YES"	244	8.01630434782609	"DELETERIOUS"
0	0	0	0	"[3, 3]"	"M/I"	"atG/atT"	70	"Lost"	"NO"	"YES"	244	7.76315789473684	"DELETERIOUS"
9	3	6	0	"[1, 1]"	"M/L"	"Atg/Ctg"	43	"Lost"	"NO"	"YES"	313	9.76394849785408	"DELETERIOUS"
0	0	0	0	"[1, 1]"	"M/L"	"Atg/Ctg"	82	"Lost"	"NO"	"YES"	109	1.6025641025641	"BENIGN"
0	0	0	0	"[1, 1]"	"M/V"	"Atg/Gtg"	67	"Lost"	"NO"	"YES"	70	0.480769230769231	"BENIGN"
0	0	0	0	"[2, 2]"	"M/T"	"aTg/aCg"	3	"Maintained"	"NO"	"NO"	633	99.5283018867924	"BENIGN"
9	3	6	0	"[1, 1]"	"M/L"	"Atg/Ctg"	43	"Lost"	"NO"	"YES"	313	9.80603448275862	"DELETERIOUS"
1	0	1	0	"[1, 1]"	"M/V"	"Atg/Gtg"	84	"Maintained"	"NO"	"NO"	2535	96.6903073286052	"DELETERIOUS"
0	0	0	0	"[1, 1]"	"M/L"	"Atg/Ctg"	43	"Lost"	"NO"	"YES"	313	10.0886917960089	"DELETERIOUS"
3	1	2	0	"[2, 2]"	"M/T"	"aTg/aCg"	3	"Maintained"	"NO"	"NO"	633	99.5283018867924	"BENIGN"
0	0	0	0	"[2, 2]"	"M/T"	"aTg/aCg"	95	"Lost"	"NO"	"YES"	137	7.10900473933649	"BENIGN"
6	2	4	0	"[2, 2]"	"M/T"	"aTg/aCg"	63	"Maintained"	"NO"	"NO"	1827	96.5573770491803	"DELETERIOUS"
0	0	0	0	"[2, 2]"	"M/K"	"aTg/aAg"	90	"Maintained"	"NO"	"NO"	654	86.3013698630137	"DELETERIOUS"
1	0	1	0	"[1, 1]"	"M/L"	"Atg/Ctg"	76	"Lost"	"NO"	"YES"	733	18.8841201716738	"BENIGN"
1	0	1	0	"[1, 1]"	"M/L"	"Atg/Ctg"	76	"Lost"	"NO"	"YES"	733	19.2982456140351	"BENIGN"
0	0	0	0	"[2, 2]"	"M/T"	"aTg/aCg"	252	"Maintained"	"NO"	"NO"	444	43.6241610738255	"BENIGN"
0	0	0	0	"[1, 1]"	"M/V"	"Atg/Gtg"	64	"Lost"	"NO"	"YES"	97	2.4896265560166	"BENIGN"
0	0	0	0	"[3, 3]"	"M/I"	"atG/atA"	159	"Maintained"	"NO"	"NO"	771	79.4573643410853	"DELETERIOUS"
2	0	2	0	"[2, 2]"	"M/T"	"aTg/aCg"	36	"Maintained"	"NO"	"NO"	177	80	"BENIGN"
0	0	0	0	"[1, 1]"	"M/V"	"Atg/Gtg"	156	"Maintained"	"NO"	"NO"	2244	93.0574098798398	"BENIGN"
0	0	0	0	"[1, 1]"	"M/V"	"Atg/Gtg"	24	"Maintained"	"NO"	"NO"	1161	97.9381443298969	"BENIGN"
0	0	0	0	"[3, 3]"	"M/I"	"atG/atA"	105	"Maintained"	"NO"	"NO"	1251	91.6267942583732	"BENIGN"
7	1	6	0	"[1, 1]"	"M/V"	"Atg/Gtg"	24	"Maintained"	"NO"	"NO"	1161	97.9381443298969	"BENIGN"
0	0	0	0	"[3, 3]"	"M/I"	"atG/atC"	55	"Lost"	"NO"	"YES"	109	5.36723163841808	"BENIGN"
0	0	0	0	"[1, 1]"	"M/V"	"Atg/Gtg"	124	"Lost"	"NO"	"YES"	259	3.19666435024322	"BENIGN"
1	0	1	0	"[2, 2]"	"M/T"	"aTg/aCg"	81	"Maintained"	"NO"	"NO"	1749	95.3767123287671	"BENIGN"
0	0	0	0	"[2, 2]"	"M/R"	"aTg/aGg"	94	"Lost"	"NO"	"YES"	151	12.9032258064516	"BENIGN"
0	0	0	0	"[3, 3]"	"M/I"	"atG/atC"	169	"Lost"	"NO"	"YES"	223	4.8469387755102	"BENIGN"
0	0	0	0	"[2, 2]"	"M/T"	"aTg/aCg"	270	"Maintained"	"NO"	"NO"	408	34.3065693430657	"BENIGN"
5	3	2	0	"[1, 1]"	"M/V"	"Atg/Gtg"	21	"Maintained"	"NO"	"NO"	1401	98.5042735042735	"DELETERIOUS"
3	1	2	0	"[3, 3]"	"M/I"	"atG/atA"	39	"Maintained"	"NO"	"NO"	2811	98.6140724946695	"DELETERIOUS"
3	1	2	0	"[3, 3]"	"M/I"	"atG/atA"	39	"Maintained"	"NO"	"NO"	2460	98.4165651644336	"DELETERIOUS"
3	1	2	0	"[3, 3]"	"M/I"	"atG/atA"	39	"Maintained"	"NO"	"NO"	2775	98.5961123110151	"DELETERIOUS"
0	0	0	0	"[1, 1]"	"M/V"	"Atg/Gtg"	132	"Maintained"	"NO"	"NO"	861	84.7222222222222	"BENIGN"
0	0	0	0	"[2, 2]"	"M/K"	"aTg/aAg"	132	"Maintained"	"NO"	"NO"	861	84.7222222222222	"BENIGN"
0	0	0	0	"[1, 1]"	"M/L"	"Atg/Ttg"	152	"Lost"	"NO"	"YES"	161	0.58055152394775	"BENIGN"
7	1	6	0	"[3, 3]"	"M/I"	"atG/atC"	51	"Maintained"	"NO"	"NO"	1407	96.3829787234042	"BENIGN"
0	0	0	0	"[2, 2]"	"M/T"	"aTg/aCg"	129	"Maintained"	"NO"	"NO"	4785	97.3057644110276	"BENIGN"
0	0	0	0	"[3, 3]"	"M/I"	"atG/atA"	82	"Lost"	"NO"	"YES"	160	5.83153347732181	"DELETERIOUS"
0	0	0	0	"[2, 2]"	"M/T"	"aTg/aCg"	108	"Maintained"	"NO"	"NO"	1155	90.6735751295337	"DELETERIOUS"
5	0	5	0	"[2, 2]"	"M/T"	"aTg/aCg"	46	"Lost"	"NO"	"YES"	73	5.64971751412429	"BENIGN"
0	0	0	0	"[1, 1]"	"M/V"	"Atg/Gtg"	19	"Lost"	"NO"	"YES"	163	33.7931034482759	"DELETERIOUS"
5	0	5	0	"[3, 3]"	"M/I"	"atG/atA"	46	"Lost"	"NO"	"YES"	73	5.64971751412429	"BENIGN"
0	0	0	0	"[2, 2]"	"M/T"	"aTg/aCg"	154	"Lost"	"NO"	"YES"	376	18.4275184275184	"BENIGN"
0	0	0	0	"[1, 1]"	"M/V"	"Atg/Gtg"	255	"Maintained"	"NO"	"NO"	1320	80.7256235827664	"BENIGN"
0	0	0	0	"[3, 3]"	"M/I"	"atG/atT"	100	"Lost"	"NO"	"YES"	127	4.83091787439614	"BENIGN"
0	0	0	0	"[2, 2]"	"M/T"	"aTg/aCg"	382	"Lost"	"NO"	"YES"	415	4.1958041958042	"BENIGN"
0	0	0	0	"[2, 2]"	"M/T"	"aTg/aCg"	109	"Lost"	"NO"	"YES"	139	14.4736842105263	"BENIGN"
0	0	0	0	"[3, 3]"	"M/I"	"atG/atA"	204	"Maintained"	"NO"	"NO"	840	75.8007117437722	"BENIGN"
