1	ENSG00000249730	OR10J4	ENST00000504970	polymorphic_pseudogene		ENSP00000475611	rs770547554	dbSNP	196796512	-	atG/atA	M/I	18	639	935	Conserved	NON_SYNONYMOUS_CODING		start_lost	deleterious - low confidence	possibly damaging
1	ENSG00000279263	OR2L8	ENST00000623922	polymorphic_pseudogene		ENSP00000485287	COSM680554	COSMIC	443985117	-	 	 	 	 	 	 	CODING_UNKNOWN	COSMIC:tumour_site:lung(COSMIC)	coding_sequence_variant
1	ENSG00000082482	KCNK2	ENST00000444842	protein_coding		ENSP00000394033	rs775069221	dbSNP	423303666	-	aTg/aGg	M/R	163	169	1281	Lost	NON_SYNONYMOUS_CODING		start_lost	deleterious - low confidence	benign
1	ENSG00000137962	ARHGAP29	ENST00000260526	protein_coding		ENSP00000260526	rs557670896	dbSNP	31937715	0.000199681	atG/atA	M/I	84	3783	3786	Conserved	NON_SYNONYMOUS_CODING		start_lost	deleterious - low confidence	probably damaging
1	ENSG00000137962	ARHGAP29	ENST00000260526	protein_coding		ENSP00000260526	COSM5047431	COSMIC	31938501	-	 	 	 	 	 	 	CODING_UNKNOWN	COSMIC:tumour_site:oesophagus(COSMIC)	coding_sequence_variant
1	ENSG00000058453	CROCC	ENST00000375541	protein_coding		ENSP00000364691	rs558681376	dbSNP	491307788	0.000199681	Atg/Gtg	M/V	216	6051	6054	Conserved	NON_SYNONYMOUS_CODING		start_lost	deleterious - low confidence	benign
1	ENSG00000157064	NMNAT2	ENST00000287713	protein_coding		ENSP00000287713	COSM339384	COSMIC	331141388	-	 	 	 	 	 	 	CODING_UNKNOWN	COSMIC:tumour_site:lung(COSMIC)	coding_sequence_variant
1	ENSG00000162670	BRINP3	ENST00000367462	protein_coding		ENSP00000356432	rs773675853	dbSNP	8145394	-	Atg/Ctg	M/L	5	26	2301	Lost	NON_SYNONYMOUS_CODING		start_lost	deleterious - low confidence	benign
1	ENSG00000143811	PYCR2	ENST00000343818	protein_coding		ENSP00000342502	rs752826929	dbSNP	320109420	-	Atg/Gtg	M/V	37	88	963	Lost	NON_SYNONYMOUS_CODING		start_lost	deleterious	benign
1	ENSG00000173285	OR10K1	ENST00000289451	protein_coding		ENSP00000289451	COSM4546441	COSMIC	448234528	-	 	 	 	 	 	 	CODING_UNKNOWN	COSMIC:tumour_site:skin(COSMIC)	coding_sequence_variant
1	ENSG00000143368	SF3B4	ENST00000271628	protein_coding		ENSP00000271628	CM123378	HGMD-PUBLIC	139614345	-	 	 	 	 	 	 	CODING_UNKNOWN	Annotated by HGMD but no phenotype description is publicly available(HGMD-PUBLIC)	coding_sequence_variant
1	ENSG00000127125	PPCS	ENST00000372561	protein_coding		ENSP00000361642	rs765428843	dbSNP	188802409	-	Atg/Ctg	M/L	9	933	936	Conserved	NON_SYNONYMOUS_CODING		start_lost	deleterious - low confidence	benign
1	ENSG00000116147	TNR	ENST00000367674	protein_coding		ENSP00000356646	COSM358274	COSMIC	46415189	-	 	 	 	 	 	 	CODING_UNKNOWN	COSMIC:tumour_site:lung(COSMIC)	coding_sequence_variant
1	ENSG00000116747	TROVE2	ENST00000367446	protein_coding		ENSP00000356416	rs765205101	dbSNP	315731857	-	atGGAg/atg	ME/M	0	1611	1614	Conserved	NON_SYNONYMOUS_CODING		inframe_deletion
1	ENSG00000116745	RPE65	ENST00000262340	protein_coding		ENSP00000262340	CM983756	HGMD-PUBLIC	311324321	-	 	 	 	 	 	 	CODING_UNKNOWN	Annotated by HGMD but no phenotype description is publicly available(HGMD-PUBLIC)	coding_sequence_variant
1	ENSG00000011009	LYPLA2	ENST00000374514	protein_coding		ENSP00000363638	rs765665221	dbSNP	82786922	-	atG/atA	M/I	2	8	696	Lost	NON_SYNONYMOUS_CODING		start_lost	deleterious	benign
1	ENSG00000179002	TAS1R2	ENST00000375371	protein_coding		ENSP00000364520	rs760160142	dbSNP	263786447	-	Atg/Gtg	M/V	44	56	2520	Lost	NON_SYNONYMOUS_CODING		start_lost	deleterious - low confidence	probably damaging
1	ENSG00000215915	ATAD3C	ENST00000378785	protein_coding		ENSP00000368062	rs372620491	dbSNP	276765536	-	Atg/Gtg	M/V	30	1233	1236	Conserved	NON_SYNONYMOUS_CODING		start_lost	deleterious - low confidence	benign
1	ENSG00000116678	LEPR	ENST00000349533	protein_coding		ENSP00000330393	COSM1213266	COSMIC	292566421	-	 	 	 	 	 	 	CODING_UNKNOWN	COSMIC:tumour_site:large_intestine(COSMIC)	coding_sequence_variant
1	ENSG00000196071	OR2L13	ENST00000366478	protein_coding		ENSP00000355434	COSM4546446	COSMIC	449087812	-	 	 	 	 	 	 	CODING_UNKNOWN	COSMIC:tumour_site:skin(COSMIC)	coding_sequence_variant
1	ENSG00000151418	ATP6V1G3	ENST00000281087	protein_coding		ENSP00000281087	rs762497386	dbSNP	431490450	-	aTg/aAg	M/K	120	354	357	Conserved	NON_SYNONYMOUS_CODING		start_lost	deleterious	probably damaging
1	ENSG00000092969	TGFB2	ENST00000366929	protein_coding		ENSP00000355896	COSM5316068	COSMIC	198608622	-	 	 	 	 	 	 	CODING_UNKNOWN	COSMIC:tumour_site:lung(COSMIC)	coding_sequence_variant
1	ENSG00000117091	CD48	ENST00000613788	protein_coding		ENSP00000484431	rs750166608	dbSNP	146182921	-	aTg/aCg	M/T	96	756	759	Conserved	NON_SYNONYMOUS_CODING		start_lost	deleterious	probably damaging
1	ENSG00000049247	UTS2	ENST00000054668	protein_coding		ENSP00000054668	COSM5188601	COSMIC	199696113	-	 	 	 	 	 	 	CODING_UNKNOWN	COSMIC:tumour_site:large_intestine(COSMIC)	coding_sequence_variant
1	ENSG00000117597	DIEXF	ENST00000491415	protein_coding		ENSP00000419005	rs145909259	dbSNP	276475768	-	Atg/Ctg	M/L	100	235	2271	Lost	NON_SYNONYMOUS_CODING		start_lost	deleterious - low confidence	benign
1	ENSG00000137962	ARHGAP29	ENST00000260526	protein_coding		ENSP00000260526	rs752325067	dbSNP	31937716	-	aTg/aCg	M/T	84	3783	3786	Conserved	NON_SYNONYMOUS_CODING		start_lost	deleterious - low confidence	probably damaging
1	ENSG00000244057	LCE3C	ENST00000333881	protein_coding		ENSP00000334644	rs755035071	dbSNP	267846707	-	Atg/Gtg	M/V	191	218	285	Lost	NON_SYNONYMOUS_CODING		start_lost	deleterious - low confidence	unknown
1	ENSG00000116745	RPE65	ENST00000262340	protein_coding		ENSP00000262340	RISN_RPE65:c.2T>C	PhenCode	311324320	-	aTg/aCg	M/T	 	 	 	 	NON_SYNONYMOUS_CODING		start_lost	deleterious - low confidence	benign
1	ENSG00000143603	KCNN3	ENST00000618040	protein_coding		ENSP00000481848	COSM3930415	COSMIC	493969897	-	 	 	 	 	 	 	CODING_UNKNOWN	COSMIC:tumour_site:urinary_tract(COSMIC)	coding_sequence_variant
1	ENSG00000179914	ITLN1	ENST00000326245	protein_coding		ENSP00000323587	rs749669242	dbSNP	72694616	-	atG/atC	M/I	47	59	942	Lost	NON_SYNONYMOUS_CODING		start_lost	tolerated - low confidence	benign
1	ENSG00000243073	PRAMEF4	ENST00000235349	protein_coding		ENSP00000235349	rs764271433	dbSNP	504209104	-	atG/atA	M/I	6	1434	1437	Conserved	NON_SYNONYMOUS_CODING		start_lost	tolerated	benign
1	ENSG00000137975	CLCA2	ENST00000370565	protein_coding		ENSP00000359596	rs754020035	dbSNP	184071292	-	Atg/tg	M/X	111	189	2831	Conserved	FRAMESHIFT_CODING-NON_SYNONYMOUS_CODING		frameshift_variant-start_lost
1	ENSG00000047410	TPR	ENST00000367478	protein_coding		ENSP00000356448	COSM1648450	COSMIC	78221696	-	 	 	 	 	 	 	CODING_UNKNOWN	COSMIC:tumour_site:lung(COSMIC)	coding_sequence_variant
1	ENSG00000121931	LRIF1	ENST00000369763	protein_coding		ENSP00000358778	COSM5107918	COSMIC	272291801	-	 	 	 	 	 	 	CODING_UNKNOWN	COSMIC:tumour_site:large_intestine(COSMIC)	coding_sequence_variant
1	ENSG00000160055	TMEM234	ENST00000309777	protein_coding		ENSP00000309792	rs754322804	dbSNP	287376012	-	 	 	0	No Stop	422	Conserved	CODING_UNKNOWN-5PRIME_UTR		coding_sequence_variant-5_prime_UTR_variant
1	ENSG00000162618	ADGRL4	ENST00000370742	protein_coding		ENSP00000359778	COSM3805939	COSMIC	350472700	-	 	 	 	 	 	 	CODING_UNKNOWN	COSMIC:tumour_site:breast(COSMIC)	coding_sequence_variant
1	ENSG00000143450	OAZ3	ENST00000453029	protein_coding		ENSP00000415904	rs761995892	dbSNP	1019469	-	atg/atCCCCATTTATTTTCAATCAATGCTCTCACTTTAACAGTAg	M/IPIYFQSMLSL*Q*	21	33	651	Conserved	STOP_GAINED-NON_SYNONYMOUS_CODING		stop_gained-start_lost
1	ENSG00000196754	S100A2	ENST00000368708	protein_coding		ENSP00000357697	rs200362870	dbSNP	245610498	0.000199681	aTg/aGg	M/R	99	291	294	Conserved	NON_SYNONYMOUS_CODING		start_lost	deleterious	probably damaging
1	ENSG00000196754	S100A2	ENST00000368708	protein_coding		ENSP00000357697	rs200362870	dbSNP	245610499	0.000199681	aTg/aAg	M/K	99	291	294	Conserved	NON_SYNONYMOUS_CODING		start_lost	deleterious	probably damaging
1	ENSG00000143393	PI4KB	ENST00000368875	protein_coding		ENSP00000357869	rs370176905	dbSNP	351101639	-	Atg/Ttg	M/L	36	2484	2487	Conserved	NON_SYNONYMOUS_CODING		start_lost	deleterious - low confidence	benign
1	ENSG00000123080	CDKN2C	ENST00000262662	protein_coding		ENSP00000262662	COSM48302	COSMIC	89253799	-	 	 	 	 	 	 	CODING_UNKNOWN	COSMIC:tumour_site:lung(COSMIC)	coding_sequence_variant
1	ENSG00000067704	IARS2	ENST00000366922	protein_coding		ENSP00000355889	rs539075222	dbSNP	60216874	0.000199681	atG/atT	M/I	95	146	3039	Lost	NON_SYNONYMOUS_CODING		start_lost	deleterious - low confidence	possibly damaging
1	ENSG00000117598	PLPPR5	ENST00000263177	protein_coding		ENSP00000263177	rs754342041	dbSNP	187005664	-	atG/atA	M/I	33	963	966	Conserved	NON_SYNONYMOUS_CODING		start_lost	tolerated - low confidence	unknown
1	ENSG00000177535	OR2B11	ENST00000318749	protein_coding		ENSP00000325682	COSM3671691	COSMIC	219207360	-	 	 	 	 	 	 	CODING_UNKNOWN	COSMIC:tumour_site:prostate(COSMIC)	coding_sequence_variant
1	ENSG00000186205	MARC1	ENST00000366910	protein_coding		ENSP00000355877	rs537057905	dbSNP	170854907	0.000599042	aTg/aCg	M/T	128	362	1014	Lost	NON_SYNONYMOUS_CODING		start_lost	deleterious - low confidence	benign
1	ENSG00000117394	SLC2A1	ENST00000426263	protein_coding		ENSP00000416293	CM101696	HGMD-PUBLIC	367635936	-	 	 	 	 	 	 	CODING_UNKNOWN	Annotated by HGMD but no phenotype description is publicly available(HGMD-PUBLIC)	coding_sequence_variant
1	ENSG00000188976	NOC2L	ENST00000327044	protein_coding		ENSP00000317992	COSM4010425	COSMIC	101372996	-	 	 	 	 	 	 	CODING_UNKNOWN	COSMIC:tumour_site:stomach(COSMIC)	coding_sequence_variant
1	ENSG00000157870	FAM213B	ENST00000444521	protein_coding		ENSP00000413218	rs749526587	dbSNP	317032014	-	atGAGCCGGGAGCGGGGATCCAGGAGCGAG/at	MSRERGSRSE/X	0	63	713	Conserved	FRAMESHIFT_CODING-NON_SYNONYMOUS_CODING		frameshift_variant-start_lost
1	ENSG00000117697	NSL1	ENST00000366977	protein_coding		ENSP00000355944	rs754218602	dbSNP	376094154	-	atG/atA	M/I	38	239	846	Lost	NON_SYNONYMOUS_CODING		start_lost	deleterious - low confidence	benign
1	ENSG00000162877	PM20D1	ENST00000367136	protein_coding		ENSP00000356104	COSM463828	COSMIC	65563641	-	 	 	 	 	 	 	CODING_UNKNOWN	COSMIC:tumour_site:kidney(COSMIC)	coding_sequence_variant
1	ENSG00000117407	ARTN	ENST00000414809	protein_coding		ENSP00000387435	rs763048422	dbSNP	432710524	-	atG/atA	M/I	618	684	687	Conserved	NON_SYNONYMOUS_CODING		start_lost	deleterious - low confidence	possibly damaging
1	ENSG00000123080	CDKN2C	ENST00000262662	protein_coding		ENSP00000262662	COSM132821	COSMIC	89253798	-	 	 	 	 	 	 	CODING_UNKNOWN	COSMIC:tumour_site:central_nervous_system(COSMIC)	coding_sequence_variant
1	ENSG00000060688	SNRNP40	ENST00000263694	protein_coding		ENSP00000263694	COSM4031350	COSMIC	60233567	-	 	 	 	 	 	 	CODING_UNKNOWN	COSMIC:tumour_site:stomach(COSMIC)	coding_sequence_variant
1	ENSG00000116747	TROVE2	ENST00000367446	protein_coding		ENSP00000356416	rs756710005	dbSNP	315731856	-	aTg/ag	M/X	20	1613	1616	Lost	FRAMESHIFT_CODING-NON_SYNONYMOUS_CODING		frameshift_variant-start_lost
1	ENSG00000143224	PPOX	ENST00000367999	protein_coding		ENSP00000356978	CM992399	HGMD-PUBLIC	41964457	-	 	 	 	 	 	 	CODING_UNKNOWN	Annotated by HGMD but no phenotype description is publicly available(HGMD-PUBLIC)	coding_sequence_variant
1	ENSG00000066279	ASPM	ENST00000367409	protein_coding		ENSP00000356379	rs761447719	dbSNP	49037143	-	aTg/aCg	M/T	363	10431	10434	Conserved	NON_SYNONYMOUS_CODING		start_lost	deleterious - low confidence	possibly damaging
1	ENSG00000198700	IPO9	ENST00000361565	protein_coding		ENSP00000354742	rs756397460	dbSNP	109898199	-	atGGCg/atg	MA/M	0	3120	3123	Conserved	NON_SYNONYMOUS_CODING		inframe_deletion
1	ENSG00000157191	NECAP2	ENST00000443980	protein_coding		ENSP00000391942	rs770173626	dbSNP	49270886	-	Atg/Ctg	M/L	122	338	822	Lost	NON_SYNONYMOUS_CODING		start_lost	deleterious - low confidence	possibly damaging
1	ENSG00000134697	GNL2	ENST00000373062	protein_coding		ENSP00000362153	rs764008069	dbSNP	345904055	-	Atg/Ttg	M/L	93	2193	2196	Conserved	NON_SYNONYMOUS_CODING		start_lost	deleterious - low confidence	benign
1	ENSG00000004455	AK2	ENST00000354858	protein_coding		ENSP00000346921	rs137853206	dbSNP	65189127	-	Atg/Gtg	M/V	144	717	720	Conserved	NON_SYNONYMOUS_CODING	RETICULAR DYSGENESIS(OMIM)-RETICULAR DYSGENESIS(ClinVar)	start_lost	deleterious - low confidence	probably damaging
1	ENSG00000143367	TUFT1	ENST00000368849	protein_coding		ENSP00000357842	rs760211058	dbSNP	265755109	-	aTg/aCg	M/T	109	124	1173	Lost	NON_SYNONYMOUS_CODING		start_lost	deleterious	probably damaging
1	ENSG00000158615	PPP1R15B	ENST00000367188	protein_coding		ENSP00000356156	rs369981422	dbSNP	145408249	-	Atg/Gtg	M/V	270	2139	2142	Conserved	NON_SYNONYMOUS_CODING		start_lost	deleterious - low confidence	possibly damaging
1	ENSG00000143337	TOR1AIP1	ENST00000528443	protein_coding		ENSP00000435365	rs752404162	dbSNP	284190593	-	aTg/aCg	M/T	41	323	1755	Lost	NON_SYNONYMOUS_CODING		start_lost	deleterious - low confidence	probably damaging
1	ENSG00000265107	GJA5	ENST00000621517	protein_coding		ENSP00000484552	rs782228278	dbSNP	132023962	-	aTg/aCg	M/T	99	1074	1077	Conserved	NON_SYNONYMOUS_CODING		start_lost	deleterious	probably damaging
1	ENSG00000134245	WNT2B	ENST00000369684	protein_coding		ENSP00000358698	rs771372070	dbSNP	98802224	-	Atg/Gtg	M/V	276	1173	1176	Conserved	NON_SYNONYMOUS_CODING		start_lost	deleterious - low confidence	benign
1	ENSG00000073756	PTGS2	ENST00000367468	protein_coding		ENSP00000356438	rs20426	dbSNP	234801661	-	atG/atA	M/I	74	110	1815	Lost	NON_SYNONYMOUS_CODING		start_lost	tolerated - low confidence	unknown	Effect of COX2 -765G>C and c.3618A>G polymorphisms on the risk and survival of sporadic colorectal cancer. -> http://www.ncbi.nlm.nih.gov/pubmed/?term=19468846[pmid] COX-2 gene polymorphisms and protein expression in renomedullary interstitial cell tumors. -> http://linkinghub.elsevier.com/retrieve/pii/S0046817708001147 Marked interindividual variability in the response to selective inhibitors of cyclooxygenase-2. -> http://linkinghub.elsevier.com/retrieve/pii/S0016508505020111 
1	ENSG00000280316	AL365181.2	ENST00000624731	protein_coding		ENSP00000485562	rs372927651	dbSNP	346383565	-	Atg/Gtg	M/V	52	109	420	Lost	NON_SYNONYMOUS_CODING		start_lost		unknown
1	ENSG00000143774	GUK1	ENST00000366728	protein_coding		ENSP00000355689	rs772520260	dbSNP	274468341	-	atG/atT	M/I	63	723	726	Conserved	NON_SYNONYMOUS_CODING		start_lost	tolerated - low confidence	unknown
1	ENSG00000188931	CFAP126	ENST00000367974	protein_coding		ENSP00000356951	COSM5251199	COSMIC	542781345	-	 	 	 	 	 	 	CODING_UNKNOWN	COSMIC:tumour_site:lung(COSMIC)	coding_sequence_variant
1	ENSG00000090621	PABPC4	ENST00000372858	protein_coding		ENSP00000361949	rs753257430	dbSNP	242487469	-	Atg/Gtg	M/V	27	1980	1983	Conserved	NON_SYNONYMOUS_CODING		start_lost	deleterious	possibly damaging
1	ENSG00000163909	HEYL	ENST00000372852	protein_coding		ENSP00000361943	rs761330653	dbSNP	44319432	-	atG/atA	M/I	84	984	987	Conserved	NON_SYNONYMOUS_CODING		start_lost	deleterious	probably damaging
1	ENSG00000179163	FUCA1	ENST00000374479	protein_coding		ENSP00000363603	rs558338123	dbSNP	366512970	0.000199681	Atg/Gtg	M/V	15	1398	1401	Conserved	NON_SYNONYMOUS_CODING		start_lost	deleterious - low confidence	benign
1	ENSG00000116194	ANGPTL1	ENST00000234816	protein_coding		ENSP00000234816	rs779478305	dbSNP	368623311	-	aTg/aCg	M/T	121	178	1476	Lost	NON_SYNONYMOUS_CODING		start_lost	deleterious - low confidence	benign
1	ENSG00000116721	PRAMEF1	ENST00000332296	protein_coding		ENSP00000332134	rs112330886	dbSNP	56537250	-	aTg/aCg	M/T	81	1422	1425	Conserved	NON_SYNONYMOUS_CODING		start_lost	deleterious	probably damaging
1	ENSG00000116721	PRAMEF1	ENST00000332296	protein_coding		ENSP00000332134	rs112330886	dbSNP	56537251	-	aTg/aGg	M/R	81	1422	1425	Conserved	NON_SYNONYMOUS_CODING		start_lost	deleterious	probably damaging
1	ENSG00000137976	DNASE2B	ENST00000370665	protein_coding		ENSP00000359699	rs750581086	dbSNP	388148852	-	aTg/aCg	M/T	12	1083	1086	Conserved	NON_SYNONYMOUS_CODING		start_lost	tolerated - low confidence	unknown
1	ENSG00000215912	TTC34	ENST00000401095	protein_coding		ENSP00000383873	rs370237500	dbSNP	128442437	0.0107827	Atg/Ttg	M/L	126	1698	1701	Conserved	NON_SYNONYMOUS_CODING		start_lost	tolerated	benign
1	ENSG00000134371	CDC73	ENST00000367435	protein_coding		ENSP00000356405	CM023086	HGMD-PUBLIC	72663255	-	 	 	 	 	 	 	CODING_UNKNOWN	Annotated by HGMD but no phenotype description is publicly