CHROMOSOME,GENE_ID,GENE_NAME,TRANSCRIPT_ID,TRANSCRIPT_BIOTYPE,CDS_ERRORS,PROTEIN_ID,VARIATION_NAME,MINOR_ALLELE_FREQUENCY,CODON_CHANGE,AMINOACID_CHANGE,FIRST_MET_POSITION,STOP_CODON_POSITION,MUTATED_SEQUENCE_LENGTH,READING_FRAME_STATUS,CONSEQUENCE,SO_TERM,SIFT,POLYPHEN
Y,ENSG00000169800,RBMY1F,ENST00000454978,protein_coding,,ENSP00000406005,rs764987485,-,Atg/Gtg,M/V,58,115,1380,Lost,NON_SYNONYMOUS_CODING,start_lost,deleterious,possibly damaging
Y,ENSG00000196433,ASMT,ENST00000432523,protein_coding,CDS start not found,ENSP00000392053,rs751288036,-,Gat/Aat,D/N,100,178,375,Lost,NON_SYNONYMOUS_CODING,start_lost,deleterious - low confidence,benign
Y,ENSG00000198223,CSF2RA,ENST00000501036,protein_coding,,ENSP00000440491,rs751159348,-,atG/atT,M/I,124,157,804,Lost,NON_SYNONYMOUS_CODING,start_lost,deleterious,probably damaging
Y,ENSG00000196433,ASMT,ENST00000381241,protein_coding,,ENSP00000370639,rs770129814,-,aTg/aCg,M/T,37,157,1122,Lost,NON_SYNONYMOUS_CODING,start_lost,deleterious,probably damaging
Y,ENSG00000185291,IL3RA,ENST00000331035,protein_coding,,ENSP00000327890,rs771754299,-,Atg/Ttg,M/L,93,1134,1137,Conserved,NON_SYNONYMOUS_CODING,start_lost,deleterious,benign
Y,ENSG00000169084,DHRSX,ENST00000444280,protein_coding,CDS end not found,ENSP00000402741,rs778641933,-,atG/atA,M/I,4,13,365,Lost,NON_SYNONYMOUS_CODING,start_lost,deleterious,possibly damaging
Y,ENSG00000169800,RBMY1F,ENST00000303766,protein_coding,,ENSP00000307155,rs764987485,-,Atg/Gtg,M/V,58,115,1491,Lost,NON_SYNONYMOUS_CODING,start_lost,deleterious,benign
Y,ENSG00000196433,ASMT,ENST00000381229,protein_coding,,ENSP00000370627,rs770129814,-,aTg/aCg,M/T,37,157,1038,Lost,NON_SYNONYMOUS_CODING,start_lost,deleterious,probably damaging
Y,ENSG00000168939,SPRY3,ENST00000302805,protein_coding,,ENSP00000302978,rs751859461,-,Atg/Ctg,M/L,4,13,867,Lost,NON_SYNONYMOUS_CODING,start_lost,tolerated - low confidence,benign
Y,ENSG00000185291,IL3RA,ENST00000381469,protein_coding,,ENSP00000370878,rs771754299,-,Atg/Ttg,M/L,109,124,903,Lost,NON_SYNONYMOUS_CODING,start_lost,deleterious - low confidence,unknown
Y,ENSG00000185291,IL3RA,ENST00000432757,protein_coding,CDS end not found,ENSP00000414867,rs202044381,0.000399361,atG/atT,M/I,109,124,493,Lost,NON_SYNONYMOUS_CODING,start_lost,deleterious - low confidence,unknown
Y,ENSG00000185291,IL3RA,ENST00000381469,protein_coding,,ENSP00000370878,rs202044381,0.000399361,atG/atT,M/I,109,124,903,Lost,NON_SYNONYMOUS_CODING,start_lost,deleterious - low confidence,unknown
Y,ENSG00000169100,SLC25A6,ENST00000381401,protein_coding,,ENSP00000370808,rs769169296,-,aTg/aCg,M/T,600,894,897,Conserved,NON_SYNONYMOUS_CODING,start_lost,deleterious - low confidence,benign
Y,ENSG00000002586,CD99,ENST00000381177,nonsense_mediated_decay,CDS start not found,ENSP00000370570,rs755148886,-,aCc/aGc,T/S,16,31,186,Lost,NMD_TRANSCRIPT-NON_SYNONYMOUS_CODING,NMD_transcript_variant-start_lost,,unknown
Y,ENSG00000185291,IL3RA,ENST00000432757,protein_coding,CDS end not found,ENSP00000414867,rs771754299,-,Atg/Ttg,M/L,109,124,493,Lost,NON_SYNONYMOUS_CODING,start_lost,deleterious - low confidence,unknown
Y,ENSG00000114374,USP9Y,ENST00000338981,protein_coding,,ENSP00000342812,rs751808144,-,Atg/Gtg,M/V,16,28,7668,Lost,NON_SYNONYMOUS_CODING,start_lost,deleterious - low confidence,probably damaging
Y,ENSG00000196433,ASMT,ENST00000381233,protein_coding,,ENSP00000370631,rs770129814,-,aTg/aCg,M/T,37,157,897,Lost,NON_SYNONYMOUS_CODING,start_lost,deleterious,probably damaging
Y,ENSG00000169084,DHRSX,ENST00000444280,protein_coding,CDS end not found,ENSP00000402741,rs371831440,-,Atg/Gtg,M/V,4,13,365,Lost,NON_SYNONYMOUS_CODING,start_lost,tolerated,benign
Y,ENSG00000185291,IL3RA,ENST00000331035,protein_coding,,ENSP00000327890,rs202044381,0.000399361,atG/atT,M/I,93,1134,1137,Conserved,NON_SYNONYMOUS_CODING,start_lost,deleterious,benign
Y,ENSG00000279115,AC006386.1,ENST00000624491,protein_coding,,ENSP00000485436,rs377401772,-,aTg/aCg,M/T,57,75,78,Conserved,NON_SYNONYMOUS_CODING,start_lost,,unknown
