CHROMOSOME	GENE_ID	GENE_NAME	TRANSCRIPT_ID	TRANSCRIPT_BIOTYPE	CDS_ERRORS	PROTEIN_ID	VARIATION_NAME	TRANSCRIPT_VARIATION_ALLELE_DBID	MINOR_ALLELE_FREQUENCY	CODON_CHANGE	AMINOACID_CHANGE	FIRST_MET_POSITION	STOP_CODON_POSITION	MUTATED_SEQUENCE_LENGTH	READING_FRAME_STATUS	CONSEQUENCE	PHENOTYPE	SO_TERM	SIFT	POLYPHEN	PUBLICATIONS
Y	ENSG00000196433	ASMT	ENST00000381233	protein_coding		ENSP00000370631	rs770129814	318585681	-	aTg/aCg	M/T	37	157	897	Lost	NON_SYNONYMOUS_CODING		start_lost	deleterious	probably damaging	
Y	ENSG00000114374	USP9Y	ENST00000453031	protein_coding	CDS start not found	ENSP00000406876	rs796654803	390433277	-	naA/naG	X	118	211	714	Lost	CODING_UNKNOWN		coding_sequence_variant			
Y	ENSG00000279115	AC006386.1	ENST00000624491	protein_coding		ENSP00000485436	rs377401772	346997470	-	aTg/aCg	M/T	57	75	78	Conserved	NON_SYNONYMOUS_CODING		start_lost		unknown	
Y	ENSG00000169084	DHRSX	ENST00000444280	protein_coding	CDS end not found	ENSP00000402741	rs371831440	497049009	-	Atg/Gtg	M/V	4	13	365	Lost	NON_SYNONYMOUS_CODING		start_lost	tolerated	benign	
Y	ENSG00000168939	SPRY3	ENST00000302805	protein_coding		ENSP00000302978	rs751859461	184280088	-	Atg/Ctg	M/L	4	13	867	Lost	NON_SYNONYMOUS_CODING		start_lost	tolerated - low confidence	benign	
Y	ENSG00000012817	KDM5D	ENST00000415360	protein_coding	CDS start not found-CDS end not found	ENSP00000389433	COSM1470015	304461500	-			72	111	894	Conserved	CODING_UNKNOWN	COSMIC:tumour_site:large_intestine(COSMIC)	coding_sequence_variant			
Y	ENSG00000185960	SHOX	ENST00000334060	protein_coding		ENSP00000335505	CM104615	382018143	-			241	256	690	Lost	CODING_UNKNOWN	Annotated by HGMD but no phenotype description is publicly available(HGMD-PUBLIC)	coding_sequence_variant			
Y	ENSG00000196433	ASMT	ENST00000381241	protein_coding		ENSP00000370639	rs770129814	318579446	-	aTg/aCg	M/T	37	157	1122	Lost	NON_SYNONYMOUS_CODING		start_lost	deleterious	probably damaging	
Y	ENSG00000185291	IL3RA	ENST00000381469	protein_coding		ENSP00000370878	rs202044381	175871291	0.000399361	atG/atT	M/I	109	124	903	Lost	NON_SYNONYMOUS_CODING		start_lost	deleterious - low confidence	unknown	
Y	ENSG00000169084	DHRSX	ENST00000444280	protein_coding	CDS end not found	ENSP00000402741	rs778641933	497049008	-	atG/atA	M/I	4	13	365	Lost	NON_SYNONYMOUS_CODING		start_lost	deleterious	possibly damaging	
Y	ENSG00000169800	RBMY1F	ENST00000303766	protein_coding		ENSP00000307155	rs764987485	104604154	-	Atg/Gtg	M/V	58	115	1491	Lost	NON_SYNONYMOUS_CODING		start_lost	deleterious	benign	
Y	ENSG00000198223	CSF2RA	ENST00000501036	protein_coding		ENSP00000440491	rs751159348	248672701	-	atG/atT	M/I	124	157	804	Lost	NON_SYNONYMOUS_CODING		start_lost	deleterious	probably damaging	
Y	ENSG00000185291	IL3RA	ENST00000331035	protein_coding		ENSP00000327890	rs202044381	175864358	0.000399361	atG/atT	M/I	93	1134	1137	Conserved	NON_SYNONYMOUS_CODING		start_lost	deleterious	benign	
Y	ENSG00000185960	SHOX	ENST00000554971	protein_coding		ENSP00000452016	CM104615	382010725	-			241	256	891	Lost	CODING_UNKNOWN	Annotated by HGMD but no phenotype description is publicly available(HGMD-PUBLIC)	coding_sequence_variant			
Y	ENSG00000169800	RBMY1F	ENST00000454978	protein_coding		ENSP00000406005	rs764987485	104604230	-	Atg/Gtg	M/V	58	115	1380	Lost	NON_SYNONYMOUS_CODING		start_lost	deleterious	possibly damaging	
Y	ENSG00000196433	ASMT	ENST00000432523	protein_coding	CDS start not found	ENSP00000392053	rs751288036	318590557	-	Gat/Aat	D/N	100	178	375	Lost	NON_SYNONYMOUS_CODING		start_lost	deleterious - low confidence	benign	
Y	ENSG00000002586	CD99	ENST00000449611	protein_coding	CDS start not found-CDS end not found	ENSP00000405544	rs183618046	15892543	0.0307508	cgG/cgA	R	174	No Stop	604	Conserved	SYNONYMOUS_CODING		synonymous_variant			
Y	ENSG00000185960	SHOX	ENST00000381575	protein_coding		ENSP00000370987	CM104615	382012557	-			241	256	690	Lost	CODING_UNKNOWN	Annotated by HGMD but no phenotype description is publicly available(HGMD-PUBLIC)	coding_sequence_variant			
Y	ENSG00000185291	IL3RA	ENST00000381469	protein_coding		ENSP00000370878	rs771754299	175871290	-	Atg/Ttg	M/L	109	124	903	Lost	NON_SYNONYMOUS_CODING		start_lost	deleterious - low confidence	unknown	
Y	ENSG00000185291	IL3RA	ENST00000432757	protein_coding	CDS end not found	ENSP00000414867	rs771754299	175868678	-	Atg/Ttg	M/L	109	124	493	Lost	NON_SYNONYMOUS_CODING		start_lost	deleterious - low confidence	unknown	
Y	ENSG00000002586	CD99	ENST00000381177	nonsense_mediated_decay	CDS start not found	ENSP00000370570	rs755148886	15897243	-	aCc/aGc	T/S	16	31	186	Lost	NMD_TRANSCRIPT-NON_SYNONYMOUS_CODING		NMD_transcript_variant-start_lost		unknown	
Y	ENSG00000185960	SHOX	ENST00000381578	protein_coding		ENSP00000370990	CM104615	382015746	-			241	256	891	Lost	CODING_UNKNOWN	Annotated by HGMD but no phenotype description is publicly available(HGMD-PUBLIC)	coding_sequence_variant			
Y	ENSG00000114374	USP9Y	ENST00000338981	protein_coding		ENSP00000342812	rs751808144	390429064	-	Atg/Gtg	M/V	16	28	7668	Lost	NON_SYNONYMOUS_CODING		start_lost	deleterious - low confidence	probably damaging	
Y	ENSG00000129824	RPS4Y1	ENST00000250784	protein_coding		ENSP00000250784	COSM488717	414602803	-			68	803	806	Lost	CODING_UNKNOWN-SPLICE_SITE	COSMIC:tumour_site:kidney(COSMIC)	coding_sequence_variant-splice_region_variant			
Y	ENSG00000196433	ASMT	ENST00000381229	protein_coding		ENSP00000370627	rs770129814	318582566	-	aTg/aCg	M/T	37	157	1038	Lost	NON_SYNONYMOUS_CODING		start_lost	deleterious	probably damaging	
Y	ENSG00000185291	IL3RA	ENST00000331035	protein_coding		ENSP00000327890	rs771754299	175864357	-	Atg/Ttg	M/L	93	1134	1137	Conserved	NON_SYNONYMOUS_CODING		start_lost	deleterious	benign	
Y	ENSG00000169100	SLC25A6	ENST00000381401	protein_coding		ENSP00000370808	COSM4726887	357688527	-			614	908	911	Lost	CODING_UNKNOWN	COSMIC:tumour_site:large_intestine(COSMIC)	coding_sequence_variant			
Y	ENSG00000169100	SLC25A6	ENST00000381401	protein_coding		ENSP00000370808	rs769169296	357688053	-	aTg/aCg	M/T	600	894	897	Conserved	NON_SYNONYMOUS_CODING		start_lost	deleterious - low confidence	benign	
Y	ENSG00000002586	CD99	ENST00000381177	nonsense_mediated_decay	CDS start not found	ENSP00000370570	rs767835392	15897244	-	acC/acA	T	16	31	186	Lost	SYNONYMOUS_CODING-NMD_TRANSCRIPT		synonymous_variant-NMD_transcript_variant			
Y	ENSG00000185291	IL3RA	ENST00000432757	protein_coding	CDS end not found	ENSP00000414867	rs202044381	175868679	0.000399361	atG/atT	M/I	109	124	493	Lost	NON_SYNONYMOUS_CODING		start_lost	deleterious - low confidence	unknown	
