CHROMOSOME	GENE_ID	GENE_NAME	TRANSCRIPT_ID	TRANSCRIPT_BIOTYPE	CDS_ERRORS	PROTEIN_ID	VARIATION_NAME	MINOR_ALLELE_FREQUENCY	CODON_CHANGE	AMINOACID_CHANGE	FIRST_MET_POSITION	STOP_CODON_POSITION	MUTATED_SEQUENCE_LENGTH	READING_FRAME_STATUS	CONSEQUENCE	PHENOTYPE	SO_TERM	SIFT	POLYPHEN	PUBLICATIONS
1	ENSG00000188672	RHCE	ENST00000349320	protein_coding		ENSP00000311185	rs374728047	0.000599042	Atg/Gtg	M/V	51	1203	1206	Conserved	NON_SYNONYMOUS_CODING		start_lost		unknown	
1	ENSG00000162430	SEPN1	ENST00000374315	protein_coding		ENSP00000363434	SEPN1:c.1A>G	-	Atg/Gtg	M/V	211	295	1671	Lost	NON_SYNONYMOUS_CODING		start_lost	deleterious - low confidence	unknown	
1	ENSG00000132185	FCRLA	ENST00000367953	protein_coding		ENSP00000356930	rs369632007	-	Atg/Gtg	M/V	21	1095	1098	Conserved	NON_SYNONYMOUS_CODING		start_lost	deleterious - low confidence	benign	
1	ENSG00000174371	EXO1	ENST00000348581	protein_coding		ENSP00000311873	rs377496795	-	atG/atT	M/I	52	55	2541	Lost	NON_SYNONYMOUS_CODING		start_lost	deleterious	probably damaging	
1	ENSG00000163207	IVL	ENST00000368764	protein_coding		ENSP00000357753	rs61731344	0.00898562	aTg/aCg	M/T	99	1755	1758	Conserved	NON_SYNONYMOUS_CODING		start_lost	deleterious - low confidence	unknown	
1	ENSG00000143257	NR1I3	ENST00000367983	protein_coding		ENSP00000356962	rs373168365	-	atG/atA	M/I	16	22	1047	Lost	NON_SYNONYMOUS_CODING		start_lost	deleterious - low confidence	benign	
1	ENSG00000117500	TMED5	ENST00000370282	protein_coding		ENSP00000359305	rs140627124	-	aTg/aAg	M/K	153	687	690	Conserved	NON_SYNONYMOUS_CODING		start_lost	deleterious - low confidence	possibly damaging	
1	ENSG00000162430	SEPN1	ENST00000354177	protein_coding		ENSP00000346109	SEPN1:c.2dupT	-	atg/atTg	M/IX	212	296	1672	Lost	FRAMESHIFT_CODING-NON_SYNONYMOUS_CODING		frameshift_variant-start_lost			
1	ENSG00000186377	CYP4X1	ENST00000371901	protein_coding		ENSP00000360968	rs772640161	-	Atg/Gtg	M/V	187	307	1530	Lost	NON_SYNONYMOUS_CODING		start_lost	deleterious	probably damaging	
1	ENSG00000117152	RGS4	ENST00000367908	protein_coding		ENSP00000356884	rs748233197	-	atG/atA	M/I	2	89	282	Lost	NON_SYNONYMOUS_CODING		start_lost	deleterious	probably damaging	
1	ENSG00000172456	FGGY	ENST00000371218	protein_coding		ENSP00000360262	rs780815554	-	atG/atA	M/I	34	223	1728	Lost	NON_SYNONYMOUS_CODING		start_lost	deleterious - low confidence	benign	
1	ENSG00000197530	MIB2	ENST00000520777	protein_coding		ENSP00000428660	rs769673240	-	Atg/Gtg	M/V	149	194	3201	Lost	NON_SYNONYMOUS_CODING		start_lost	deleterious - low confidence	benign	
1	ENSG00000162885	B3GALNT2	ENST00000313984	protein_coding		ENSP00000315678	rs763641118	-	Atg/Gtg	M/V	148	220	981	Lost	NON_SYNONYMOUS_CODING		start_lost	deleterious - low confidence	benign	
1	ENSG00000215883	CYB5RL	ENST00000497820	protein_coding		ENSP00000431157	rs768123386	-	atG/atC	M/I	3	414	417	Conserved	NON_SYNONYMOUS_CODING		start_lost	deleterious - low confidence	benign	
1	ENSG00000121903	ZSCAN20	ENST00000373413	protein_coding		ENSP00000362512	rs201013304	0.000998403	Atg/Gtg	M/V	6	1299	1302	Conserved	NON_SYNONYMOUS_CODING		start_lost	deleterious	benign	
1	ENSG00000280316	AL365181.2	ENST00000624731	protein_coding		ENSP00000485562	rs146971918	0.000199681	aTg/aCg	M/T	52	109	420	Lost	NON_SYNONYMOUS_CODING		start_lost		unknown	
1	ENSG00000043514	TRIT1	ENST00000541099	protein_coding		ENSP00000437896	rs748122835	-	aTg/aCg	M/T	10	94	258	Lost	NON_SYNONYMOUS_CODING		start_lost	deleterious - low confidence	benign	
1	ENSG00000196420	S100A5	ENST00000368718	protein_coding		ENSP00000357707	rs752207756	-	aTg/aCg	M/T	33	276	279	Conserved	NON_SYNONYMOUS_CODING		start_lost	deleterious	possibly damaging	
1	ENSG00000163220	S100A9	ENST00000368738	protein_coding		ENSP00000357727	rs751298982	-	Atg/Ttg	M/L	12	342	345	Conserved	NON_SYNONYMOUS_CODING		start_lost	deleterious - low confidence	benign	
1	ENSG00000196754	S100A2	ENST00000368709	protein_coding		ENSP00000357698	rs764903448	-	atG/atA	M/I	2	89	294	Lost	NON_SYNONYMOUS_CODING		start_lost	deleterious	probably damaging	
1	ENSG00000116871	MAP7D1	ENST00000316156	protein_coding		ENSP00000320228	rs778228155	-	Atg/Gtg	M/V	117	2409	2412	Conserved	NON_SYNONYMOUS_CODING		start_lost	deleterious - low confidence	possibly damaging	
1	ENSG00000158286	RNF207	ENST00000377939	protein_coding		ENSP00000367173	rs573154415	0.000199681	atG/atA	M/I	46	205	1905	Lost	SPLICE_SITE-NON_SYNONYMOUS_CODING		splice_region_variant-start_lost	deleterious	probably damaging	
1	ENSG00000117280	RAB29	ENST00000437324	protein_coding		ENSP00000416613	rs781218623	-	aTg/aCg	M/T	22	100	396	Lost	NON_SYNONYMOUS_CODING		start_lost	deleterious	probably damaging	
1	ENSG00000132781	MUTYH	ENST00000450313	protein_coding		ENSP00000408176	rs757906591	-	atG/atA	M/I	42	1647	1650	Conserved	NON_SYNONYMOUS_CODING		start_lost	deleterious - low confidence	benign	
1	ENSG00000184908	CLCNKB	ENST00000619181	protein_coding		ENSP00000483866	rs749342666	-	aTg/aCg	M/T	159	1389	1392	Conserved	NON_SYNONYMOUS_CODING		start_lost	deleterious - low confidence	probably damaging	
1	ENSG00000196517	SLC6A9	ENST00000372310	protein_coding		ENSP00000361384	rs201644230	-	Atg/Gtg	M/V	24	1899	1902	Conserved	NON_SYNONYMOUS_CODING		start_lost	deleterious - low confidence	benign	
1	ENSG00000143198	MGST3	ENST00000367888	protein_coding		ENSP00000356863	rs758281335	-	aTg/aCg	M/T	22	37	390	Lost	NON_SYNONYMOUS_CODING		start_lost	deleterious	probably damaging	
1	ENSG00000265107	GJA5	ENST00000430508	protein_coding	CDS end not found	ENSP00000407645	rs782228278	-	aTg/aCg	M/T	99	No Stop	755	Conserved	NON_SYNONYMOUS_CODING		start_lost	deleterious	probably damaging	
1	ENSG00000162813	BPNT1	ENST00000544404	protein_coding		ENSP00000444398	rs773964883	-	aTg/aCg	M/T	8	71	762	Lost	NON_SYNONYMOUS_CODING		start_lost	deleterious - low confidence	benign	
1	ENSG00000162813	BPNT1	ENST00000544404	protein_coding		ENSP00000444398	rs773964883	-	aTg/aAg	M/K	8	71	762	Lost	NON_SYNONYMOUS_CODING		start_lost	deleterious - low confidence	benign	
1	ENSG00000179172	HNRNPCL1	ENST00000617044	protein_coding		ENSP00000479365	rs758495511	-	atGGcc/atcc	MA/IX	22	877	880	Lost	FRAMESHIFT_CODING-NON_SYNONYMOUS_CODING		frameshift_variant-start_lost			
1	ENSG00000107404	DVL1	ENST00000378888	protein_coding		ENSP00000368166	rs775399432	-	atG/atT	M/I	27	2085	2088	Conserved	NON_SYNONYMOUS_CODING		start_lost	deleterious	benign	
1	ENSG00000084636	COL16A1	ENST00000458715	protein_coding	CDS start not found-CDS end not found	ENSP00000411457	rs181005740	0.000199681	gGa/gTa	G/V	208	No Stop	706	Lost	NON_SYNONYMOUS_CODING		start_lost	deleterious	unknown	
1	ENSG00000132185	FCRLA	ENST00000236938	protein_coding		ENSP00000236938	rs61741803	0.0131789	Atg/Gtg	M/V	51	1128	1131	Conserved	NON_SYNONYMOUS_CODING		start_lost	tolerated - low confidence	benign	
1	ENSG00000132185	FCRLA	ENST00000236938	protein_coding		ENSP00000236938	rs61741803	0.0131789	Atg/Ttg	M/L	51	1128	1131	Conserved	NON_SYNONYMOUS_CODING		start_lost	tolerated - low confidence	benign	
1	ENSG00000117475	BLZF1	ENST00000367807	protein_coding		ENSP00000356781	rs779814319	-	atG/atT	M/I	64	193	525	Lost	NON_SYNONYMOUS_CODING		start_lost	deleterious - low confidence	benign	
1	ENSG00000143390	RFX5	ENST00000368870	protein_coding		ENSP00000357864	rs765852263	-	atG/atA	M/I	10	136	1851	Lost	NON_SYNONYMOUS_CODING		start_lost	deleterious - low confidence	probably damaging	
1	ENSG00000132854	KANK4	ENST00000317477	protein_coding		ENSP00000321161	rs753557460	-	aTg/aGg	M/R	31	61	402	Lost	NON_SYNONYMOUS_CODING		start_lost	deleterious	benign	
1	ENSG00000143303	RRNAD1	ENST00000519086	protein_coding	CDS end not found	ENSP00000429756	rs760143040	-	atG/atA	M/I	31	49	1035	Lost	NON_SYNONYMOUS_CODING		start_lost	deleterious - low confidence	benign	
1	ENSG00000135823	STX6	ENST00000258301	protein_coding		ENSP00000258301	rs778899645	-	Atg/Gtg	M/V	6	765	768	Conserved	NON_SYNONYMOUS_CODING		start_lost	deleterious	benign	
1	ENSG00000135838	NPL	ENST00000258317	protein_coding		ENSP00000258317	rs747942748	-	Atg/Gtg	M/V	54	960	963	Conserved	NON_SYNONYMOUS_CODING		start_lost	deleterious - low confidence	probably damaging	
1	ENSG00000117602	RCAN3	ENST00000436717	protein_coding		ENSP00000414447	rs574730150	0.000199681	atG/atA	M/I	15	549	552	Conserved	NON_SYNONYMOUS_CODING		start_lost	deleterious - low confidence	benign	
1	ENSG00000143257	NR1I3	ENST00000412844	protein_coding		ENSP00000399361	rs372090555	-	aTg/aAg	M/K	130	139	948	Lost	NON_SYNONYMOUS_CODING		start_lost	deleterious - low confidence	benign	
1	ENSG00000132780	NASP	ENST00000537798	protein_coding		ENSP00000438871	rs778891408	-	atG/atA	M/I	6	2172	2175	Conserved	NON_SYNONYMOUS_CODING		start_lost	deleterious - low confidence	benign	
1	ENSG00000160050	CCDC28B	ENST00000421922	protein_coding		ENSP00000413017	rs757843876	-	Atg/Gtg	M/V	4	115	726	Lost	NON_SYNONYMOUS_CODING		start_lost	deleterious - low confidence	possibly damaging	
1	ENSG00000273136	NBPF26	ENST00000611702	protein_coding		ENSP00000478334	rs782558498	-	Atg/Gtg	M/V	42	1731	1734	Conserved	NON_SYNONYMOUS_CODING		start_lost	deleterious	benign	
1	ENSG00000162755	KLHDC9	ENST00000368011	protein_coding		ENSP00000356990	rs769967107	-	atG/atA	M/I	95	191	1050	Lost	NON_SYNONYMOUS_CODING		start_lost	deleterious - low confidence	possibly damaging	
1	ENSG00000158161	EYA3	ENST00000373864	protein_coding		ENSP00000362971	rs371072200	-	Atg/Ttg	M/L	17	200	1251	Lost	NON_SYNONYMOUS_CODING		start_lost		unknown	
1	ENSG00000143337	TOR1AIP1	ENST00000271583	protein_coding		ENSP00000271583	rs752404162	-	aTg/aCg	M/T	41	323	1800	Lost	NON_SYNONYMOUS_CODING		start_lost	deleterious - low confidence	probably damaging	
1	ENSG00000196505	GDAP2	ENST00000369442	protein_coding		ENSP00000358450	rs369973740	-	Atg/Ttg	M/L	34	79	1491	Lost	NON_SYNONYMOUS_CODING		start_lost	deleterious	possibly damaging	
1	ENSG00000117602	RCAN3	ENST00000610732	protein_coding		ENSP00000479300	rs574730150	0.000199681	atG/atA	M/I	15	723	726	Conserved	NON_SYNONYMOUS_CODING		start_lost	deleterious - low confidence	benign	
1	ENSG00000134248	LAMTOR5	ENST00000256644	protein_coding		ENSP00000256644	rs772257309	-	atG/atA	M/I	84	519	522	Conserved	NON_SYNONYMOUS_CODING		start_lost	deleterious - low confidence	benign	
1	ENSG00000215883	CYB5RL	ENST00000534324	protein_coding		ENSP00000434343	rs750723697	-	Atg/Gtg	M/V	3	945	948	Conserved	NON_SYNONYMOUS_CODING		start_lost	tolerated - low confidence	benign	
1	ENSG00000116194	ANGPTL1	ENST00000444255	protein_coding	CDS end not found	ENSP00000392023	rs753330812	-	Atg/Gtg	M/V	121	178	343	Lost	NON_SYNONYMOUS_CODING		start_lost	deleterious	benign	
1	ENSG00000162946	DISC1	ENST00000366637	protein_coding		ENSP00000355597	rs779911990	-	Atg/Gtg	M/V	135	2496	2499	Conserved	NON_SYNONYMOUS_CODING		start_lost	deleterious - low confidence	unknown	
1	ENSG00000168148	HIST3H3	ENST00000366696	protein_coding		ENSP00000355657	rs558923621	0.000599042	atG/atC	M/I	213	408	411	Conserved	NON_SYNONYMOUS_CODING		start_lost	deleterious - low confidence	possibly damaging	
1	ENSG00000168148	HIST3H3	ENST00000366696	protein_coding		ENSP00000355657	rs558923621	0.000599042	atG/atA	M/I	213	408	411	Conserved	NON_SYNONYMOUS_CODING		start_lost	deleterious - low confidence	possibly damaging	
1	ENSG00000127054	CPSF3L	ENST00000618806	protein_coding		ENSP00000480957	rs770974509	-	Atg/Gtg	M/V	82	169	1170	Lost	NON_SYNONYMOUS_CODING		start_lost	deleterious - low confidence	unknown	
1	ENSG00000184371	CSF1	ENST00000329608	protein_coding		ENSP00000327513	rs541059785	0.000199681	atG/atA	M/I	41	116	1665	Lost	NON_SYNONYMOUS_CODING		start_lost	deleterious - low confidence	probably damaging	
1	ENSG00000092607	TBX15	ENST00000207157	protein_coding		ENSP00000207157	rs747616769	-	atG/atA	M/I	9	1488	1491	Conserved	NON_SYNONYMOUS_CODING		start_lost	deleterious - low confidence	benign	
1	ENSG00000157881	PANK4	ENST00000502770	nonsense_mediated_decay	CDS start not found	ENSP00000425674	rs574736154	0.000199681	aCt/aTt	T/I	9	462	465	Conserved	NMD_TRANSCRIPT-NON_SYNONYMOUS_CODING		NMD_transcript_variant-start_lost		possibly damaging	
1	ENSG00000162910	MRPL55	ENST00000366746	protein_coding		ENSP00000355707	rs140581823	-	Atg/Ctg	M/L	142	169	387	Lost	NON_SYNONYMOUS_CODING		start_lost	deleterious	benign	
1	ENSG00000116852	KIF21B	ENST00000360529	protein_coding		ENSP00000353724	rs111302258	-	aTg/aGg	M/R	148	202	4833	Lost	NON_SYNONYMOUS_CODING		start_lost	deleterious - low confidence	benign	
1	ENSG00000117226	GBP3	ENST00000445969	protein_coding	CDS start not found-CDS end not found	ENSP00000415087	rs750930105	-	cAa/cGa	Q/R	4	37	411	Lost	NON_SYNONYMOUS_CODING		start_lost	tolerated - low confidence	unknown	
1	ENSG00000117226	GBP3	ENST00000445969	protein_coding	CDS start not found-CDS end not found	ENSP00000415087	rs750930105	-	cAa/cCa	Q/P	4	37	411	Lost	NON_SYNONYMOUS_CODING		start_lost	deleterious - low confidence	unknown	
1	ENSG00000244057	LCE3C	ENST00000333881	protein_coding		ENSP00000334644	rs755035071	-	Atg/Gtg	M/V	191	218	285	Lost	NON_SYNONYMOUS_CODING		start_lost	deleterious - low confidence	unknown	
1	ENSG00000143258	USP21	ENST00000492950	protein_coding	CDS end not found	ENSP00000476344	rs780262251	-	aTg/aCg	M/T	141	No Stop	759	Conserved	NON_SYNONYMOUS_CODING		start_lost	deleterious - low confidence	possibly damaging	
1	ENSG00000197568	HHLA3	ENST00000370940	protein_coding		ENSP00000359978	rs768161892	-	aTg/aGg	M/R	11	17	366	Lost	NON_SYNONYMOUS_CODING		start_lost	deleterious - low confidence	benign	
1	ENSG00000162733	DDR2	ENST00000415555	protein_coding	CDS end not found	ENSP00000391310	rs369864432	-	aTg/aGg	M/R	18	No Stop	444	Conserved	NON_SYNONYMOUS_CODING		start_lost	deleterious - low confidence	unknown	
1	ENSG00000187010	RHD	ENST00000417538	protein_coding		ENSP00000396420	BGMUT_860	-	atG/atA	M/I	100	112	1137	Lost	NON_SYNONYMOUS_CODING		start_lost	deleterious	possibly damaging	
1	ENSG00000117697	NSL1	ENST00000366976	protein_coding		ENSP00000355943	rs755397305	-	Atg/Gtg	M/V	38	239	519	Lost	NON_SYNONYMOUS_CODING		start_lost	deleterious - low confidence	probably damaging	
1	ENSG00000162747	FCGR3B	ENST00000534776	protein_coding	CDS end not found	ENSP00000437084	rs781498971	-	aTg/aCg	M/T	47	62	314	Lost	NON_SYNONYMOUS_CODING		start_lost	deleterious	benign	
1	ENSG00000077157	PPP1R12B	ENST00000608999	protein_coding		ENSP00000476755	rs756816737	-	Atg/Ttg	M/L	48	2946	2949	Conserved	NON_SYNONYMOUS_CODING		start_lost	deleterious - low confidence	possibly damaging	
1	ENSG00000198860	TSEN15	ENST00000423085	protein_coding		ENSP00000402002	rs565046391	-	atG/atA	M/I	117	387	390	Conserved	NON_SYNONYMOUS_CODING		start_lost	deleterious - low confidence	possibly damaging	
1	ENSG00000116885	OSCP1	ENST00000354267	protein_coding		ENSP00000346216	rs781133965	-	atG/atA	M/I	48	669	672	Conserved	NON_SYNONYMOUS_CODING		start_lost	deleterious	probably damaging	
1	ENSG00000160789	LMNA	ENST00000368300	protein_coding		ENSP00000357283	rs794728598	-	atG/atT	M/I	115	283	1995	Lost	NON_SYNONYMOUS_CODING	ClinVar: phenotype not specified(ClinVar)	start_lost	deleterious	probably damaging	
1	ENSG00000135824	RGS8	ENST00000367556	protein_coding		ENSP00000356527	rs367651362	-	Atg/Gtg	M/V	15	540	543	Conserved	NON_SYNONYMOUS_CODING		start_lost	tolerated - low confidence	benign	
1	ENSG00000157870	FAM213B	ENST00000419916	protein_coding		ENSP00000394405	rs749526587	-	atGAGCCGGGAGCGGGGATCCAGGAGCGAG/at	MSRERGSRSE/X	0	63	659	Conserved	FRAMESHIFT_CODING-NON_SYNONYMOUS_CODING		frameshift_variant-start_lost			
1	ENSG00000143257	NR1I3	ENST00000504010	protein_coding		ENSP00000424345	rs372090555	-	aTg/aAg	M/K	130	139	843	Lost	NON_SYNONYMOUS_CODING		start_lost	deleterious - low confidence	benign	
1	ENSG00000203705	TATDN3	ENST00000533650	nonsense_mediated_decay		ENSP00000434428	rs757387845	-	aTg/aGg	M/R	73	253	306	Lost	NMD_TRANSCRIPT-NON_SYNONYMOUS_CODING		NMD_transcript_variant-start_lost	deleterious - low confidence	probably damaging	
1	ENSG00000162551	ALPL	ENST00000539907	protein_coding		ENSP00000437674	rs777235122	-	Atg/Gtg	M/V	42	1341	1344	Conserved	NON_SYNONYMOUS_CODING		start_lost	deleterious - low confidence	benign	
1	ENSG00000213088	ACKR1	ENST00000537147	protein_coding		ENSP00000441985	rs756754694	-	Atg/Gtg	M/V	70	94	1011	Lost	NON_SYNONYMOUS_CODING		start_lost	deleterious	probably damaging	
1	ENSG00000117602	RCAN3	ENST00000425530	protein_coding		ENSP00000409540	rs574730150	0.000199681	atG/atA	M/I	15	693	696	Conserved	NON_SYNONYMOUS_CODING		start_lost	deleterious - low confidence	benign	
1	ENSG00000142973	CYP4B1	ENST00000371923	protein_coding		ENSP00000360991	rs777301820	-	Atg/Gtg	M/V	126	1536	1539	Conserved	NON_SYNONYMOUS_CODING		start_lost	deleterious - low confidence	benign	
1	ENSG00000162873	KLHDC8A	ENST00000606181	protein_coding	CDS end not found	ENSP00000475745	rs553824610	0.000798722	aTg/aGg	M/R	40	49	527	Lost	NON_SYNONYMOUS_CODING		start_lost	deleterious	benign	
1	ENSG00000143507	DUSP10	ENST00000477026	nonsense_mediated_decay		ENSP00000482935	rs146391663	-	aTg/aCg	M/T	159	198	201	Conserved	NMD_TRANSCRIPT-NON_SYNONYMOUS_CODING		NMD_transcript_variant-start_lost		unknown	
1	ENSG00000134216	CHIA	ENST00000352594	nonsense_mediated_decay		ENSP00000271312	rs767626173	-	atG/atA	M/I	64	157	306	Lost	NMD_TRANSCRIPT-NON_SYNONYMOUS_CODING		NMD_transcript_variant-start_lost	deleterious	possibly damaging	
1	ENSG00000116580	GON4L	ENST00000437809	protein_coding		ENSP00000396117	rs778865641	-	aTg/aCg	M/T	157	166	6723	Lost	NON_SYNONYMOUS_CODING		start_lost	deleterious - low confidence	benign	
1	ENSG00000121905	HPCA	ENST00000373467	protein_coding		ENSP00000362566	rs542568352	-	atG/atA	M/I	33	579	582	Conserved	NON_SYNONYMOUS_CODING		start_lost	deleterious	probably damaging	
1	ENSG00000160691	SHC1	ENST00000368445	protein_coding		ENSP00000357430	rs539365514	0.000199681	Atg/Gtg	M/V	43	193	1752	Lost	NON_SYNONYMOUS_CODING		start_lost	deleterious - low confidence	benign	
1	ENSG00000181450	ZNF678	ENST00000608949	protein_coding		ENSP00000477097	rs758376582	-	atG/atT	M/I	129	228	231	Conserved	NON_SYNONYMOUS_CODING		start_lost	deleterious - low confidence	benign	
1	ENSG00000116353	MECR	ENST00000463412	nonsense_mediated_decay	CDS start not found	ENSP00000436831	rs749158767	-	Gtg/Ttg	V/L	13	22	639	Lost	NMD_TRANSCRIPT-NON_SYNONYMOUS_CODING		NMD_transcript_variant-start_lost	deleterious	probably damaging	
1	ENSG00000131238	PPT1	ENST00000527311	protein_coding	CDS end not found	ENSP00000436695	rs386833645	-	atG/atA	M/I	47	254	614	Lost	NON_SYNONYMOUS_CODING	CEROID LIPOFUSCINOSIS, NEURONAL, 1(ClinVar)	start_lost	deleterious - low confidence	benign	Update of the mutation spectrum and clinical correlations of over 360 mutations in eight genes that underlie the neuronal ceroid lipofuscinoses. -> http://www.ncbi.nlm.nih.gov/pubmed/?term=21990111[pmid] 
1	ENSG00000064703	DDX20	ENST00000533164	nonsense_mediated_decay		ENSP00000434085	rs759025169	-	atG/atT	M/I	51	414	417	Conserved	NMD_TRANSCRIPT-NON_SYNONYMOUS_CODING		NMD_transcript_variant-start_lost	deleterious - low confidence	unknown	
1	ENSG00000169224	GCSAML	ENST00000366491	protein_coding		ENSP00000355447	rs201889884	-	aTg/aCg	M/T	36	345	348	Conserved	NON_SYNONYMOUS_CODING		start_lost	deleterious - low confidence	benign	
1	ENSG00000130940	CASZ1	ENST00000447850	protein_coding	CDS start not found-CDS end not found	ENSP00000467769	rs201373213	0.000199681	cGa/cAa	R/Q	3	No Stop	695	Conserved	NON_SYNONYMOUS_CODING		start_lost	deleterious	probably damaging	
1	ENSG00000162813	BPNT1	ENST00000322067	protein_coding		ENSP00000318852	rs770041616	-	aTg/aCg	M/T	24	924	927	Conserved	NON_SYNONYMOUS_CODING		start_lost	deleterious	probably damaging	
1	ENSG00000081237	PTPRC	ENST00000530727	protein_coding	CDS end not found	ENSP00000433536	rs759182888	-	atG/atT	M/I	6	No Stop	1800	Conserved	NON_SYNONYMOUS_CODING		start_lost	deleterious	benign	
1	ENSG00000186094	AGBL4	ENST00000371836	protein_coding		ENSP00000360902	rs75274524	-	aTg/aGg	M/R	37	73	654	Lost	NON_SYNONYMOUS_CODING		start_lost	deleterious - low confidence	benign	
1	ENSG00000162522	KIAA1522	ENST00000373480	protein_coding		ENSP00000362579	rs530212976	0.000199681	Atg/Gtg	M/V	76	88	3108	Lost	NON_SYNONYMOUS_CODING		start_lost	deleterious	unknown	
1	ENSG00000162510	MATN1	ENST00000373765	protein_coding		ENSP00000362870	rs773201522	-	aTg/aCg	M/T	27	1488	1491	Conserved	NON_SYNONYMOUS_CODING		start_lost	deleterious - low confidence	benign	
1	ENSG00000142973	CYP4B1	ENST00000526297	protein_coding	CDS end not found	ENSP00000438995	rs778444472	-	atG/atC	M/I	58	76	211	Lost	NON_SYNONYMOUS_CODING		start_lost	deleterious	benign	
1	ENSG00000131778	CHD1L	ENST00000488864	nonsense_mediated_decay		ENSP00000482764	rs782018932	-	aTg/aCg	M/T	153	168	171	Conserved	NMD_TRANSCRIPT-NON_SYNONYMOUS_CODING		NMD_transcript_variant-start_lost	deleterious - low confidence	possibly damaging	
1	ENSG00000162620	LRRIQ3	ENST00000395089	protein_coding		ENSP00000378524	rs562130725	0.000399361	aTg/aCg	M/T	7	28	1875	Lost	NON_SYNONYMOUS_CODING		start_lost	deleterious	probably damaging	
1	ENSG00000168148	HIST3H3	ENST00000366696	protein_coding		ENSP00000355657	rs202122905	-	aTg/aCg	M/T	213	408	411	Conserved	NON_SYNONYMOUS_CODING		start_lost	deleterious - low confidence	possibly damaging	
1	ENSG00000069424	KCNAB2	ENST00000458166	protein_coding		ENSP00000396167	rs761888267	-	atG/atA	M/I	15	900	903	Conserved	SPLICE_SITE-NON_SYNONYMOUS_CODING		splice_region_variant-start_lost	tolerated	benign	
1	ENSG00000179914	ITLN1	ENST00000326245	protein_coding		ENSP00000323587	rs570435172	0.000199681	aTg/aGg	M/R	47	59	942	Lost	NON_SYNONYMOUS_CODING		start_lost	deleterious - low confidence	benign	
1	ENSG00000117594	HSD11B1	ENST00000615289	protein_coding	CDS end not found	ENSP00000478430	rs369168889	-	Atg/Gtg	M/V	9	No Stop	547	Conserved	NON_SYNONYMOUS_CODING		start_lost	deleterious	probably damaging	
1	ENSG00000090686	USP48	ENST00000526044	protein_coding	CDS end not found	ENSP00000431832	rs193921025	-	Atg/Gtg	M/V	117	No Stop	406	Conserved	NON_SYNONYMOUS_CODING	Malignant tumor of prostate(ClinVar)	start_lost	deleterious	probably damaging	
1	ENSG00000079277	MKNK1	ENST00000532110	protein_coding	CDS end not found	ENSP00000431985	rs539428023	0.00399361	aTg/aCg	M/T	82	148	378	Lost	NON_SYNONYMOUS_CODING		start_lost		unknown	
1	ENSG00000143252	SDHC	ENST00000504963	nonsense_mediated_decay		ENSP00000423929	rs587776652	-	atG/atA	M/I	76	136	204	Lost	NMD_TRANSCRIPT-NON_SYNONYMOUS_CODING	Paragangliomas 3(OMIM)-Paragangliomas 3(ClinVar)	NMD_transcript_variant-start_lost	deleterious - low confidence	benign	
1	ENSG00000163468	CCT3	ENST00000533194	protein_coding	CDS end not found	ENSP00000434481	rs770540466	-	Atg/Gtg	M/V	25	55	433	Lost	NON_SYNONYMOUS_CODING		start_lost	deleterious	benign	
1	ENSG00000004455	AK2	ENST00000487289	protein_coding		ENSP00000446849	rs137853206	-	Atg/Gtg	M/V	144	486	489	Conserved	NON_SYNONYMOUS_CODING	RETICULAR DYSGENESIS(OMIM)-RETICULAR DYSGENESIS(ClinVar)	start_lost	deleterious - low confidence	possibly damaging	
1	ENSG00000116922	C1orf109	ENST00000477060	protein_coding	CDS end not found	ENSP00000476341	rs751114366	-	Atg/Gtg	M/V	175	205	426	Lost	NON_SYNONYMOUS_CODING		start_lost	deleterious	probably damaging	
1	ENSG00000162688	AGL	ENST00000361522	protein_coding		ENSP00000354635	rs767476472	-	atG/atA	M/I	14	35	4548	Lost	NON_SYNONYMOUS_CODING		start_lost		benign	
1	ENSG00000182795	C1orf116	ENST00000461135	protein_coding		ENSP00000436862	rs758895701	-	aTg/aCg	M/T	76	130	1068	Lost	NON_SYNONYMOUS_CODING		start_lost	deleterious - low confidence	probably damaging	
1	ENSG00000164008	C1orf50	ENST00000372525	protein_coding		ENSP00000361603	rs777558855	-	Atg/Ttg	M/L	199	232	600	Lost	NON_SYNONYMOUS_CODING		start_lost	deleterious - low confidence	possibly damaging	
1	ENSG00000184588	PDE4B	ENST00000526197	protein_coding	CDS end not found	ENSP00000436104	rs775201287	-	aTg/aCg	M/T	75	No Stop	456	Conserved	NON_SYNONYMOUS_CODING		start_lost	deleterious	benign	
1	ENSG00000184588	PDE4B	ENST00000526197	protein_coding	CDS end not found	ENSP00000436104	rs775201287	-	aTg/aGg	M/R	75	No Stop	456	Conserved	NON_SYNONYMOUS_CODING		start_lost	deleterious	benign	
1	ENSG00000157191	NECAP2	ENST00000492095	nonsense_mediated_decay		ENSP00000427620	rs770173626	-	Atg/Ctg	M/L	122	338	792	Lost	NMD_TRANSCRIPT-NON_SYNONYMOUS_CODING		NMD_transcript_variant-start_lost	tolerated	possibly damaging	
1	ENSG00000066056	TIE1	ENST00000538015	protein_coding		ENSP00000440063	rs771687627	-	atG/atA	M/I	52	73	1140	Lost	NON_SYNONYMOUS_CODING		start_lost	deleterious - low confidence	possibly damaging	
1	ENSG00000143847	PPFIA4	ENST00000367240	protein_coding		ENSP00000356209	rs537126138	0.000199681	atG/atA	M/I	2	5	3561	Lost	NON_SYNONYMOUS_CODING		start_lost	tolerated	probably damaging	
1	ENSG00000162694	EXTL2	ENST00000416479	protein_coding	CDS end not found	ENSP00000392255	rs112758323	-	Atg/Gtg	M/V	102	No Stop	351	Conserved	NON_SYNONYMOUS_CODING		start_lost	deleterious - low confidence	benign	
1	ENSG00000157873	TNFRSF14	ENST00000355716	protein_coding		ENSP00000347948	rs753268654	-	aTg/aCg	M/T	262	268	852	Lost	NON_SYNONYMOUS_CODING		start_lost	deleterious	probably damaging	
1	ENSG00000164002	EXO5	ENST00000420209	protein_coding	CDS end not found	ENSP00000398437	rs763290175	-	atG/atA	M/I	97	118	678	Lost	NON_SYNONYMOUS_CODING		start_lost	deleterious - low confidence	probably damaging	
1	ENSG00000163479	SSR2	ENST00000480567	protein_coding		ENSP00000434306	rs149974874	-	aTg/aAg	M/K	142	163	552	Lost	SPLICE_SITE-NON_SYNONYMOUS_CODING		splice_region_variant-start_lost	deleterious	possibly damaging	
1	ENSG00000143476	DTL	ENST00000366991	protein_coding		ENSP00000355958	rs757288264	-	atG/atT	M/I	49	85	2193	Lost	NON_SYNONYMOUS_CODING		start_lost	deleterious	probably damaging	
1	ENSG00000174606	ANGEL2	ENST00000621746	protein_coding		ENSP00000484198	rs779564382	-	Atg/Gtg	M/V	96	786	789	Conserved	NON_SYNONYMOUS_CODING		start_lost	tolerated - low confidence	benign	
1	ENSG00000091483	FH	ENST00000366560	protein_coding		ENSP00000355518	rs564147469	0.000199681	atG/atA	M/I	129	1530	1533	Conserved	NON_SYNONYMOUS_CODING		start_lost	deleterious - low confidence	unknown	
1	ENSG00000160856	FCRL3	ENST00000368186	protein_coding		ENSP00000357169	rs142726487	-	aTg/aAg	M/K	89	182	2229	Lost	NON_SYNONYMOUS_CODING		start_lost	deleterious	unknown	
1	ENSG00000164002	EXO5	ENST00000415550	protein_coding	CDS end not found	ENSP00000413565	rs763290175	-	atG/atA	M/I	97	118	483	Lost	NON_SYNONYMOUS_CODING		start_lost	deleterious - low confidence	probably damaging	
1	ENSG00000154451	GBP5	ENST00000370459	protein_coding		ENSP00000359488	rs758287582	-	Atg/Gtg	M/V	18	1758	1761	Conserved	NON_SYNONYMOUS_CODING		start_lost	deleterious	possibly damaging	
1	ENSG00000162779	AXDND1	ENST00000511889	protein_coding	CDS end not found	ENSP00000425198	rs144669761	-	aTg/aCg	M/T	40	73	369	Lost	NON_SYNONYMOUS_CODING		start_lost	deleterious	benign	
1	ENSG00000163374	YY1AP1	ENST00000405763	protein_coding		ENSP00000384583	rs201567646	-	aTg/aCg	M/T	406	412	1488	Lost	NON_SYNONYMOUS_CODING		start_lost	deleterious - low confidence	unknown	
1	ENSG00000137962	ARHGAP29	ENST00000552844	nonsense_mediated_decay		ENSP00000449764	rs557670896	0.000199681	atG/atA	M/I	84	3105	3108	Conserved	NMD_TRANSCRIPT-NON_SYNONYMOUS_CODING		NMD_transcript_variant-start_lost	deleterious - low confidence	benign	
1	ENSG00000175206	NPPA	ENST00000376480	protein_coding		ENSP00000365663	rs770346667	-	aTg/aCg	M/T	81	453	456	Conserved	NON_SYNONYMOUS_CODING		start_lost	deleterious - low confidence	unknown	
1	ENSG00000137936	BCAR3	ENST00000370243	protein_coding		ENSP00000359263	rs752203770	-	atg/aAtg	M/NX	1	2476	2479	Lost	FRAMESHIFT_CODING-NON_SYNONYMOUS_CODING		frameshift_variant-start_lost			
1	ENSG00000143811	PYCR2	ENST00000343818	protein_coding		ENSP00000342502	rs11543043	-	atG/atA	M/I	37	88	963	Lost	NON_SYNONYMOUS_CODING		start_lost	deleterious	possibly damaging	
1	ENSG00000203667	COX20	ENST00000366528	protein_coding		ENSP00000355486	rs771264340	-	aTg/aCg	M/T	103	151	393	Lost	NON_SYNONYMOUS_CODING		start_lost	deleterious - low confidence	benign	
1	ENSG00000143514	TP53BP2	ENST00000465119	nonsense_mediated_decay		ENSP00000418252	rs755358139	-	aTg/ag	M/X	17	140	143	Lost	FRAMESHIFT_CODING-NMD_TRANSCRIPT-NON_SYNONYMOUS_CODING		frameshift_variant-NMD_transcript_variant-start_lost			
1	ENSG00000162542	TMCO4	ENST00000375127	protein_coding		ENSP00000364269	rs758989186	-	Atg/Gtg	M/V	6	1740	1743	Conserved	NON_SYNONYMOUS_CODING		start_lost	deleterious - low confidence	possibly damaging	
1	ENSG00000076864	RAP1GAP	ENST00000471600	nonsense_mediated_decay		ENSP00000431364	rs763893163	-	Atg/Gtg	M/V	12	1806	1809	Conserved	NMD_TRANSCRIPT-NON_SYNONYMOUS_CODING		NMD_transcript_variant-start_lost	deleterious	possibly damaging	
1	ENSG00000152104	PTPN14	ENST00000366956	protein_coding		ENSP00000355923	rs777207829	-	Atg/Ctg	M/L	91	244	3564	Lost	NON_SYNONYMOUS_CODING		start_lost	tolerated	benign	
1	ENSG00000116747	TROVE2	ENST00000506303	protein_coding	CDS end not found	ENSP00000425296	rs756710005	-	aTg/ag	M/X	20	No Stop	124	Lost	FRAMESHIFT_CODING-NON_SYNONYMOUS_CODING		frameshift_variant-start_lost			
1	ENSG00000067704	IARS2	ENST00000366922	protein_coding		ENSP00000355889	rs755229056	-	Atg/Gtg	M/V	95	146	3039	Lost	NON_SYNONYMOUS_CODING		start_lost	tolerated - low confidence	possibly damaging	
1	ENSG00000182783	OR2T29	ENST00000328570	protein_coding		ENSP00000331774	rs781586946	-	Atg/Gtg	M/V	18	945	948	Conserved	NON_SYNONYMOUS_CODING		start_lost	deleterious - low confidence	benign	
1	ENSG00000160691	SHC1	ENST00000366442	protein_coding	CDS end not found	ENSP00000396162	rs777142126	-	aTg/aCg	M/T	135	No Stop	413	Conserved	NON_SYNONYMOUS_CODING		start_lost	deleterious - low confidence	possibly damaging	
1	ENSG00000171960	PPIH	ENST00000440068	protein_coding	CDS end not found	ENSP00000402836	rs780070320	-	atG/atA	M/I	82	94	434	Lost	NON_SYNONYMOUS_CODING		start_lost	tolerated	benign	
1	ENSG00000163141	BNIPL	ENST00000392802	protein_coding	CDS end not found	ENSP00000376550	rs750540833	-	aTg/aCg	M/T	58	121	300	Lost	NON_SYNONYMOUS_CODING		start_lost	deleterious - low confidence	possibly damaging	
1	ENSG00000152760	TCTEX1D1	ENST00000528352	nonsense_mediated_decay		ENSP00000436731	rs749795410	-	aTg/aCg	M/T	3	228	231	Conserved	NMD_TRANSCRIPT-NON_SYNONYMOUS_CODING		NMD_transcript_variant-start_lost	deleterious	benign	
1	ENSG00000117226	GBP3	ENST00000235878	nonsense_mediated_decay		ENSP00000235878	rs146793991	-	Atg/Gtg	M/V	18	426	429	Conserved	NMD_TRANSCRIPT-NON_SYNONYMOUS_CODING		NMD_transcript_variant-start_lost	deleterious - low confidence	possibly damaging	
1	ENSG00000162430	SEPN1	ENST00000354177	protein_coding		ENSP00000346109	rs121908184	-	Atg/Gtg	M/V	211	295	1671	Lost	NON_SYNONYMOUS_CODING	RIGID SPINE MUSCULAR DYSTROPHY 1(OMIM)-Eichsfeld type congenital muscular dystrophy(ClinVar)	start_lost	deleterious - low confidence	unknown	
1	ENSG00000127054	CPSF3L	ENST00000458452	nonsense_mediated_decay		ENSP00000433930	rs770974509	-	Atg/Gtg	M/V	118	136	189	Lost	NMD_TRANSCRIPT-NON_SYNONYMOUS_CODING		NMD_transcript_variant-start_lost	deleterious - low confidence	benign	
1	ENSG00000142621	FHAD1	ENST00000375997	protein_coding		ENSP00000365165	rs74752401	0.00838658	Atg/Gtg	M/V	23	116	951	Lost	NON_SYNONYMOUS_CODING		start_lost	deleterious - low confidence	benign	
1	ENSG00000184908	CLCNKB	ENST00000375667	protein_coding		ENSP00000364819	rs767517701	-	Atg/Ttg	M/L	56	332	1554	Lost	NON_SYNONYMOUS_CODING		start_lost	deleterious - low confidence	benign	
1	ENSG00000143771	CNIH4	ENST00000366856	protein_coding		ENSP00000355821	rs201055685	-	Atg/Gtg	M/V	92	95	414	Lost	NON_SYNONYMOUS_CODING		start_lost	deleterious - low confidence	probably damaging	
1	ENSG00000174371	EXO1	ENST00000437497	protein_coding	CDS end not found	ENSP00000412041	rs774594020	-	aTg/aCg	M/T	52	55	498	Lost	NON_SYNONYMOUS_CODING		start_lost	deleterious	probably damaging	
1	ENSG00000228198	OR2M3	ENST00000456743	protein_coding		ENSP00000389625	rs148365126	0.000998403	Atg/Gtg	M/V	117	936	939	Conserved	NON_SYNONYMOUS_CODING		start_lost	deleterious	benign	
1	ENSG00000183291	SEP15	ENST00000370554	protein_coding		ENSP00000359585	rs749127264	-	aTg/aCg	M/T	9	285	375	Conserved	NON_SYNONYMOUS_CODING		start_lost	deleterious - low confidence	benign	
1	ENSG00000271383	NBPF19	ENST00000426482	protein_coding		ENSP00000484787	rs199626421	-	gaC/gaA	D/E	32	65	705	Lost	NON_SYNONYMOUS_CODING		start_lost	deleterious	unknown	
1	ENSG00000271383	NBPF19	ENST00000426482	protein_coding		ENSP00000484787	rs199626421	-	gaC/gaG	D/E	32	65	705	Lost	NON_SYNONYMOUS_CODING		start_lost	deleterious	unknown	
1	ENSG00000127423	AUNIP	ENST00000538789	protein_coding		ENSP00000443647	rs371706935	-	Atg/Gtg	M/V	105	1113	1116	Conserved	NON_SYNONYMOUS_CODING		start_lost	deleterious	benign	
1	ENSG00000196754	S100A2	ENST00000497140	protein_coding		ENSP00000473489	rs764670446	-	atG/atT	M/I	52	64	195	Lost	NON_SYNONYMOUS_CODING		start_lost	deleterious	benign	
1	ENSG00000143774	GUK1	EN