CHROMOSOME	GENE_ID	GENE_NAME	TRANSCRIPT_ID	TRANSCRIPT_REFSEQ_ID	TRANSCRIPT_BIOTYPE	CDS_ERRORS	PROTEIN_ID	VARIATION_NAME	VARIATION_TYPE	SOURCE	TRANSCRIPT_VARIATION_ALLELE_DBID	MINOR_ALLELE_FREQUENCY	CODON_CHANGE	AMINOACID_CHANGE	FIRST_MET_POSITION	STOP_CODON_POSITION	MUTATED_SEQUENCE_LENGTH	READING_FRAME_STATUS	SIGNAL_PEPTIDE_CONSERVATION	KOZAK_START	KOZAK_END	KOZAK_STOP_CODON	KOZAK_MUTATED_SEQUENCE_LENGTH	KOZAK_ORF_AA_LENGTH	KOZAK_IDENTITY	KOZAK_RELIABILITY	KOZAK_READING_FRAME_STATUS	KOZAK_SIGNAL_PEPTIDE_CONSERVATION	KOZAK_PROTEIN_SEQ	SIGNAL_PEPTIDE_START	SIGNAL_PEPTIDE_END	CONSEQUENCE	PHENOTYPE	SO_TERM	SIFT	POLYPHEN	PUBLICATIONS
Y	ENSG00000185291	IL3RA	ENST00000331035	NM_002183.3	protein_coding		ENSP00000327890	rs771754299	SNP	dbSNP	205495412		Atg/Ttg	M/L	93	1134	91.820580474934%	Conserved	0%	93	1134	Yes	91.820580474934%	347	AXXATGa	0.33	Conserved	0%	MKAKAQQLTWDLNRNVTDIECVKDADYSMPAVNNSYCQFGAISLCEVTNYTVRVANPPFSTWILFPENSGKPWAGAENLTCWIHDVDFLSCSWAVGPGAPADVQYDLYLNVANRRQQYECLHYKTDAQGTRIGCRFDDISRLSSGSQSSHILVRGRSAAFGIPCTDKFVVFSQIEILTPPNMTAKCNKTHSFMHWKMRSHFNRKFRYELQIQKRMQPVITEQVRDRTSFQLLNPGTYTVQIRARERVYEFLSAWSTPQRFECDQEEGANTRAWRTSLLIALGTLLALVCVFVICRRYLVMQRLFPRIPHMKDPIGDSFQNDKLVVWEAGKAGLEECLVTEVQVVQKT	0	56	NON_SYNONYMOUS_CODING		start_lost	deleterious	benign	
Y	ENSG00000169100	SLC25A6	ENST00000381401	NM_001636.3	protein_coding		ENSP00000370808	COSM4726887	somatic_sequence_alteration	COSMIC	493332366		 	 																		CODING_UNKNOWN	COSMIC:tumour_site:large_intestine(COSMIC)	coding_sequence_variant			
Y	ENSG00000168939	SPRY3	ENST00000302805	NM_001304990.1-NM_005840.2	protein_coding		ENSP00000302978	rs751859461	SNP	dbSNP	215851391		Atg/Ctg	M/L	4	13	1.3840830449827%	Lost		171	864	Yes	80.2768166089965%	231	AXXATGc	0.48	Conserved		MPTSLPRSLSQCHQLQPLPQHLSQSSIASSMSHSTTASDQRLLASITPSPSGQSIIRTQPGAGVHPKADGALKGEAEQSAGHPSEHLFICEECGRCKCVPCTAARPLPSCWLCNQRCLCSAESLLDYGTCLCCVKGLFYHCSTDDEDNCADEPCSCGPSSCFVRWAAMSLISLFLPCLCCYLPTRGCLHLCQQGYDSLRRPGCRCKRHTNTVCRKISSGSAPFPKAQEKSV			NON_SYNONYMOUS_CODING		start_lost	tolerated - low confidence	benign	
Y	ENSG00000169800	RBMY1F	ENST00000303766	NM_001303410.1-NM_152585.2	protein_coding		ENSP00000307155	rs764987485	SNP	dbSNP	282099375		Atg/Gtg	M/V	58	115	4.02414486921529%	Lost		571	1153	Yes	39.2354124748491%	194	AXXATGG	0.31	Lost		MEFLHAERQYLPGEMIACQQDMMVMQLTMEIIQVAKKRGIMLHHLEAMHTVIMVILIGMNIPLEDIEIIEVPEKLGIMLHHLEAMHTVIMVILVGMKVILEDTEIIEVPEKLGSMLHHLEAMDTVIMVILVDMKVILEDIEIIQVPEKPGIMLHHIETMHTVIMVILVGMNIPLEDIVIMMATVRPLVEIILNI			NON_SYNONYMOUS_CODING		start_lost	deleterious	benign	
Y	ENSG00000169100	SLC25A6	ENST00000381401	NM_001636.3	protein_coding		ENSP00000370808	rs769169296	SNP	dbSNP	493331827		aTg/aCg	M/T	600	894	33.1103678929766%	Conserved		600	894	Yes	33.1103678929766%	98	GXXATGc	0.69	Conserved		MLPDPKNTHIVVSWMIAQTVTAVAGVVSYPFDTVRRRMMMQSGRKGADIMYTGTVDCWRKIFRDEGGKAFFKGAWSNVLRGMGGAFVLVLYDELKKVI			NON_SYNONYMOUS_CODING		start_lost	deleterious - low confidence	benign	
Y	ENSG00000196433	ASMT	ENST00000381233	NM_001171039.1	protein_coding		ENSP00000370631	rs770129814	SNP	dbSNP	321123268		aTg/aCg	M/T	37	157	13.7123745819398%	Lost		57	894	Yes	93.6454849498328%	279	tXXATGG	0.64	Conserved		MVSQVLFAACELGVFDLLAEAPGPLDVAAVAAGVRASAHGTELLLDICVSLKLLKVETRGGKAFYRNTELSSDYLTTVSPTSQCSMLKYMGRTSYRCWGHLADAVREGRNQYLETFGVPAEELFTAIYRSEGERLQFMQALQEVWSVNGRSVLTAFDLSVFPLMCDLGGDFFKDPLPEADLYILARVLHDWADGKCSHLLERIYHTCKPGGGILVIESLLDEDRRGPLLTQLYSLNMLVQTEGQERTPTHYHMLLSSAGFRDFQFKKTGAIYDAILARK			NON_SYNONYMOUS_CODING		start_lost	deleterious	probably damaging	
Y	ENSG00000185291	IL3RA	ENST00000331035	NM_002183.3	protein_coding		ENSP00000327890	rs202044381	SNP	dbSNP	205495413	0.000399361	atG/atT	M/I	93	1134	91.820580474934%	Conserved	0%	93	1134	Yes	91.820580474934%	347	AXXATGa	0.33	Conserved	0%	MKAKAQQLTWDLNRNVTDIECVKDADYSMPAVNNSYCQFGAISLCEVTNYTVRVANPPFSTWILFPENSGKPWAGAENLTCWIHDVDFLSCSWAVGPGAPADVQYDLYLNVANRRQQYECLHYKTDAQGTRIGCRFDDISRLSSGSQSSHILVRGRSAAFGIPCTDKFVVFSQIEILTPPNMTAKCNKTHSFMHWKMRSHFNRKFRYELQIQKRMQPVITEQVRDRTSFQLLNPGTYTVQIRARERVYEFLSAWSTPQRFECDQEEGANTRAWRTSLLIALGTLLALVCVFVICRRYLVMQRLFPRIPHMKDPIGDSFQNDKLVVWEAGKAGLEECLVTEVQVVQKT	0	56	NON_SYNONYMOUS_CODING		start_lost	deleterious	benign	
Y	ENSG00000196433	ASMT	ENST00000381241	NM_004043.2-NM_001171038.1	protein_coding		ENSP00000370639	rs770129814	SNP	dbSNP	321116267		aTg/aCg	M/T	37	157	10.9625668449198%	Lost		57	1119	Yes	94.9197860962567%	354	tXXATGG	0.63	Conserved		MVSQVLFAACELGVFDLLAEAPGPLDVAAVAAGVRASAHGTELLLDICVSLKLLKVETRGGKAFYRNTELSSDYLTTVSPTSQCSMLKYMGRTSYRCWGHLADAVREGRNQYLETFGVPAEELFTAIYRSEGERLQFMQALQEVWSVNGRSVLTAFDLSVFPLMCDLGGTWIKLETIILSKLSQGQKTKHRVFSLIGGAGALAKECMSLYPGCKITVFDIPEVVWTAKQHFSFQEEEQIDFQEGDFFKDPLPEADLYILARVLHDWADGKCSHLLERIYHTCKPGGGILVIESLLDEDRRGPLLTQLYSLNMLVQTEGQERTPTHYHMLLSSAGFRDFQFKKTGAIYDAILARK			NON_SYNONYMOUS_CODING		start_lost	deleterious	probably damaging	
Y	ENSG00000114374	USP9Y	ENST00000338981	NM_004654.3	protein_coding		ENSP00000342812	rs751808144	SNP	dbSNP	134299914		Atg/Gtg	M/V	16	28	0.195618153364632%	Lost		1056	7665	Yes	86.2284820031299%	2203	AXXATGa	0.26	Conserved		MNALNEINKVISSVSYYTHRHSNPEEEEWLTAERMAEWIQQNNILSIVLQDSLHQPQYVEKLEKILRFVIKEKALTLQDLDNIWAAQAGKHEAIVKNVHDLLAKLAWDFSPGQLDHLFDCFKASWTNASKKQREKLLELIRRLAEDDKDGVMAHKVLNLLWNLAQSDDVPVDIMDLALSAHIKILDYSCSQDRDAQKIQWIDHFIEELRTNDKWVIPALKQIREICSLFGEASQNLSQTQRSPHIFYRHDLINQLQQNHALVTLVAENLATYMNSIRLYAGDHEDYDPQTVRLGSRYSHVQEVQERLNFLRFLLKDGQLWLCAPQAKQIWKCLAENAVYLCDREACFKWYSKLMGDEPDLDPDINKDFFESNVLQLDPSLLTENGMKCFERFFKAVNCRERKLIAKRRSYMMDDLELIGLDYLWRVVIQSSDEIANRAIDLLKEIYTNLGPRLKANQVVIHEDFIQSCFDRLKASYDTLCVFDGDKNSINCARQEAIRMVRVLTVIKEYINECDSDYHKERMILPMSRAFRGKHLSLIVRFPNQGRQVDELDIWSHTNDTIGSVRRCIVNRIKANVAHKKIELFVGGELIDSEDDRKLIGQLNLKDKSLITAKLTQINFNMPSSPDSSSDSSTASPGNHRNHYNDGPNLEVESCLPGVIMSVHPRYISFLWQVADLGSNLNMPPLRDGARVLMKLMPPDRTAVEKLRAVCLDHAKLGEGKLSPPLDSLFFGPSASQVLYLTEVVYALLMPAGVPLTDGSSDFQVHFLKSGGLPLVLSMLIRNNFLPNTDMETRRGAYLNALKIAKLLLTAIGYGHVRAVAEACQPVVDGTDPITQINQVTHDQAVVLQSALQSIPNPSSECVLRNESILLAQEISNEASRYMPDICVIRAIQKIIWASACGALGLVFSPNEEITKIYQMTTNGSNKLEVEDEQVCCEALEVMTLCFALLPTALDALSKEKAWQTFIIDLLLHCPSKTVRQLAQEQFFLMCTRCCMGHRPLLFFITLLFTILGSTAREKGKYSGDYFTLLRHLLNYAYNGNINIPNAEVLLVSEIDWLKRIRDNVKNTGETGVEEPILEGHLGVTKELLAFQTSEKKYHFGCEKGGANLIKELIDDFIFPASKVYLQYLRSGELPAEQAIPVCSSPVTINAGFELLVALAIGCVRNLKQIVDCLTEMYYMGTAITTCEALTEWEYLPPVGPRPPKGFVGLKNAGATCYMNSVIQQLYMIPSIRNSILAIEGTGSDLHDDMFGDEKQDSESNVDPRDDVFGYPHQFEDKPALSKTEDRKEYNIGVLRHLQVIFGHLAASQLQYYVPRGFWKQFRLWGEPVNLREQHDALEFFNSLVDSLDEALKALGHPAILSKVLGGSFADQKICQGCPHRYECEESFTTLNVDIRNHQNLLDSLEQYIKGDLLEGANAYHCEKCDKKVDTVKRLLIKKLPRVLAIQLKRFDYDWERECAIKFNDYFEFPRELDMGPYTVAGVANLERDNVNSENELIEQKEQSDNETAGGTKYRLVGVLVHSGQASGGHYYSYIIQRNGKDDQTDHWYKFDDGDVTECKMDDDEEMKNQCFGGEYMGEVFDHMMKRMSYRRQKRWWNAYILFYEQMDMIDEDDEMIRYISELTIARPHQIIMSPAIERSVRKQNVKFMHNRLQYSLEYFQFVKKLLTCNGVYLNPAPGQDYLLPEAEEITMISIQLAARFLFTTGFHTKKIVRGPASDWYDALCVLLRHSKNVRFWFTHNVLFNVSNRFSEYLLECPSAEVRGAFAKLIVFIAHFSLQDGSCPSPFASPGPSSQACDNLSLSDHLLRATLNLLRREVSEHGHHLQQYFNLFVMYANLGVAEKTQLLKLNVPATFMLVSLDEGPGPPIKYQYAELGKLYSVVSQLIRCCNVSSTMQSSINGNPPLPNPFGDLNLSQPIMPIQQNVLDILFVRTSYVKKIIEDCSNSEDTIKLLRFCSWENPQFSSTVLSELLWQVAYSYTYELRPYLDLLFQILLIEDSWQTHRIHNALKGIPDDRDGLFDTIQRSKNHYQKRAYQCIKCMVALFSSCPVAYQILQGNGDLKRKWTWAVEWLGDELERRPYTGNPQYSYNNWSPPVQSNETANGYFLERSHSARMTLAKACELCPEEEPDDQDAPDEHEPSPSEDAPLYPHSPASQYQQNNHVHGQPYTGPAAHHLNNPQKTGQRTQENYEGNEEVSSPQMKDQ			NON_SYNONYMOUS_CODING		start_lost	deleterious - low confidence	probably damaging	
Y	ENSG00000129824	RPS4Y1	ENST00000250784	NM_001008.3	protein_coding		ENSP00000250784	COSM488717	somatic_sequence_alteration	COSMIC	68347007		 	 																		CODING_UNKNOWN-SPLICE_SITE	COSMIC:tumour_site:kidney(COSMIC)	coding_sequence_variant-splice_region_variant			
Y	ENSG00000196433	ASMT	ENST00000381229		protein_coding		ENSP00000370627	rs770129814	SNP	dbSNP	321119770		aTg/aCg	M/T	37	157	11.849710982659%	Lost		57	1035	Yes	94.5086705202312%	326	tXXATGG	0.64	Conserved		MVSQVLFAACELGVFDLLAEAPGPLDVAAVAAGVRASAHGTELLLDICVSLKLLKVETRGGKAFYRNTELSSDYLTTVSPTSQCSMLKYMGRTSYRCWGHLADAVREGRNQYLETFGVPAEELFTAIYRSEGERLQFMQALQEVWSVNGRSVLTAFDLSVFPLMCDLGGGAGALAKECMSLYPGCKITVFDIPEVVWTAKQHFSFQEEEQIDFQEGDFFKDPLPEADLYILARVLHDWADGKCSHLLERIYHTCKPGGGILVIESLLDEDRRGPLLTQLYSLNMLVQTEGQERTPTHYHMLLSSAGFRDFQFKKTGAIYDAILARK			NON_SYNONYMOUS_CODING		start_lost	deleterious	probably damaging	
